2025-12-25 22:38:40 | DEBUG    | SecInterp.sec_interp.core.config | get_logger:100 | Thread-127744158243776 | File logging initialized: /home/jmbernales/qgispluginsdev/sec_interp/logs/sec_interp_debug.log
2025-12-25 22:38:40 | DEBUG    | SecInterp.sec_interp.core.utils.geometry_utils.filtering | get_logger:100 | Thread-127744158243776 | File logging initialized: /home/jmbernales/qgispluginsdev/sec_interp/logs/sec_interp_debug.log
2025-12-25 22:38:40 | DEBUG    | SecInterp.sec_interp.core.utils.geometry_utils.processing | get_logger:100 | Thread-127744158243776 | File logging initialized: /home/jmbernales/qgispluginsdev/sec_interp/logs/sec_interp_debug.log
2025-12-25 22:38:40 | DEBUG    | SecInterp.sec_interp.core.performance_metrics | get_logger:100 | Thread-127744158243776 | File logging initialized: /home/jmbernales/qgispluginsdev/sec_interp/logs/sec_interp_debug.log
2025-12-25 22:38:40 | DEBUG    | SecInterp.sec_interp.core.utils.sampling | get_logger:100 | Thread-127744158243776 | File logging initialized: /home/jmbernales/qgispluginsdev/sec_interp/logs/sec_interp_debug.log
2025-12-25 22:38:40 | DEBUG    | SecInterp.sec_interp.core.data_cache | get_logger:100 | Thread-127744158243776 | File logging initialized: /home/jmbernales/qgispluginsdev/sec_interp/logs/sec_interp_debug.log
2025-12-25 22:38:40 | DEBUG    | SecInterp.sec_interp.core.services.drillhole_service | get_logger:100 | Thread-127744158243776 | File logging initialized: /home/jmbernales/qgispluginsdev/sec_interp/logs/sec_interp_debug.log
2025-12-25 22:38:40 | DEBUG    | SecInterp.sec_interp.core.utils.resource_manager | get_logger:100 | Thread-127744158243776 | File logging initialized: /home/jmbernales/qgispluginsdev/sec_interp/logs/sec_interp_debug.log
2025-12-25 22:38:40 | DEBUG    | SecInterp.sec_interp.core.services.geology_service | get_logger:100 | Thread-127744158243776 | File logging initialized: /home/jmbernales/qgispluginsdev/sec_interp/logs/sec_interp_debug.log
2025-12-25 22:38:40 | DEBUG    | SecInterp.sec_interp.core.services.interpretation_service | get_logger:100 | Thread-127744158243776 | File logging initialized: /home/jmbernales/qgispluginsdev/sec_interp/logs/sec_interp_debug.log
2025-12-25 22:38:40 | DEBUG    | SecInterp.sec_interp.core.services.profile_service | get_logger:100 | Thread-127744158243776 | File logging initialized: /home/jmbernales/qgispluginsdev/sec_interp/logs/sec_interp_debug.log
2025-12-25 22:38:40 | DEBUG    | SecInterp.sec_interp.core.services.structure_service | get_logger:100 | Thread-127744158243776 | File logging initialized: /home/jmbernales/qgispluginsdev/sec_interp/logs/sec_interp_debug.log
2025-12-25 22:38:40 | DEBUG    | SecInterp.sec_interp.core.controller | get_logger:100 | Thread-127744158243776 | File logging initialized: /home/jmbernales/qgispluginsdev/sec_interp/logs/sec_interp_debug.log
2025-12-25 22:38:41 | DEBUG    | SecInterp.sec_interp.core.services.export_service | get_logger:100 | Thread-127744158243776 | File logging initialized: /home/jmbernales/qgispluginsdev/sec_interp/logs/sec_interp_debug.log
2025-12-25 22:38:41 | DEBUG    | SecInterp.sec_interp.core.services.preview_service | get_logger:100 | Thread-127744158243776 | File logging initialized: /home/jmbernales/qgispluginsdev/sec_interp/logs/sec_interp_debug.log
2025-12-25 22:38:41 | DEBUG    | SecInterp.sec_interp.exporters.csv_exporter | get_logger:100 | Thread-127744158243776 | File logging initialized: /home/jmbernales/qgispluginsdev/sec_interp/logs/sec_interp_debug.log
2025-12-25 22:38:41 | DEBUG    | SecInterp.sec_interp.exporters.drillhole_exporters | get_logger:100 | Thread-127744158243776 | File logging initialized: /home/jmbernales/qgispluginsdev/sec_interp/logs/sec_interp_debug.log
2025-12-25 22:38:41 | DEBUG    | SecInterp.sec_interp.exporters.image_exporter | get_logger:100 | Thread-127744158243776 | File logging initialized: /home/jmbernales/qgispluginsdev/sec_interp/logs/sec_interp_debug.log
2025-12-25 22:38:41 | DEBUG    | SecInterp.sec_interp.exporters.pdf_exporter | get_logger:100 | Thread-127744158243776 | File logging initialized: /home/jmbernales/qgispluginsdev/sec_interp/logs/sec_interp_debug.log
2025-12-25 22:38:41 | DEBUG    | SecInterp.sec_interp.exporters.profile_exporters | get_logger:100 | Thread-127744158243776 | File logging initialized: /home/jmbernales/qgispluginsdev/sec_interp/logs/sec_interp_debug.log
2025-12-25 22:38:41 | DEBUG    | SecInterp.sec_interp.exporters.shp_exporter | get_logger:100 | Thread-127744158243776 | File logging initialized: /home/jmbernales/qgispluginsdev/sec_interp/logs/sec_interp_debug.log
2025-12-25 22:38:41 | DEBUG    | SecInterp.sec_interp.exporters.svg_exporter | get_logger:100 | Thread-127744158243776 | File logging initialized: /home/jmbernales/qgispluginsdev/sec_interp/logs/sec_interp_debug.log
2025-12-25 22:38:41 | DEBUG    | SecInterp.sec_interp.exporters.interpretation_exporters | get_logger:100 | Thread-127744158243776 | File logging initialized: /home/jmbernales/qgispluginsdev/sec_interp/logs/sec_interp_debug.log
2025-12-25 22:38:41 | DEBUG    | SecInterp.sec_interp.gui.utils | get_logger:100 | Thread-127744158243776 | File logging initialized: /home/jmbernales/qgispluginsdev/sec_interp/logs/sec_interp_debug.log
2025-12-25 22:38:41 | DEBUG    | SecInterp.sec_interp.gui.main_dialog | get_logger:100 | Thread-127744158243776 | File logging initialized: /home/jmbernales/qgispluginsdev/sec_interp/logs/sec_interp_debug.log
2025-12-25 22:38:41 | DEBUG    | SecInterp.sec_interp.gui.main_dialog_cache_handler | get_logger:100 | Thread-127744158243776 | File logging initialized: /home/jmbernales/qgispluginsdev/sec_interp/logs/sec_interp_debug.log
2025-12-25 22:38:41 | DEBUG    | SecInterp.sec_interp.gui.main_dialog_export | get_logger:100 | Thread-127744158243776 | File logging initialized: /home/jmbernales/qgispluginsdev/sec_interp/logs/sec_interp_debug.log
2025-12-25 22:38:41 | DEBUG    | SecInterp.sec_interp.gui.parallel_geology | get_logger:100 | Thread-127744158243776 | File logging initialized: /home/jmbernales/qgispluginsdev/sec_interp/logs/sec_interp_debug.log
2025-12-25 22:38:41 | DEBUG    | SecInterp.sec_interp.gui.main_dialog_preview | get_logger:100 | Thread-127744158243776 | File logging initialized: /home/jmbernales/qgispluginsdev/sec_interp/logs/sec_interp_debug.log
2025-12-25 22:38:41 | DEBUG    | SecInterp.sec_interp.gui.main_dialog_signals | get_logger:100 | Thread-127744158243776 | File logging initialized: /home/jmbernales/qgispluginsdev/sec_interp/logs/sec_interp_debug.log
2025-12-25 22:38:41 | DEBUG    | SecInterp.sec_interp.gui.tools.interpretation_tool | get_logger:100 | Thread-127744158243776 | File logging initialized: /home/jmbernales/qgispluginsdev/sec_interp/logs/sec_interp_debug.log
2025-12-25 22:38:41 | DEBUG    | SecInterp.sec_interp.gui.tools.measure_tool | get_logger:100 | Thread-127744158243776 | File logging initialized: /home/jmbernales/qgispluginsdev/sec_interp/logs/sec_interp_debug.log
2025-12-25 22:38:41 | DEBUG    | SecInterp.sec_interp.gui.ui.pages.drillhole_page | get_logger:100 | Thread-127744158243776 | File logging initialized: /home/jmbernales/qgispluginsdev/sec_interp/logs/sec_interp_debug.log
2025-12-25 22:38:41 | DEBUG    | SecInterp.sec_interp.gui.preview_axes_manager | get_logger:100 | Thread-127744158243776 | File logging initialized: /home/jmbernales/qgispluginsdev/sec_interp/logs/sec_interp_debug.log
2025-12-25 22:38:41 | DEBUG    | SecInterp.sec_interp.gui.preview_optimizer | get_logger:100 | Thread-127744158243776 | File logging initialized: /home/jmbernales/qgispluginsdev/sec_interp/logs/sec_interp_debug.log
2025-12-25 22:38:41 | DEBUG    | SecInterp.sec_interp.gui.preview_layer_factory | get_logger:100 | Thread-127744158243776 | File logging initialized: /home/jmbernales/qgispluginsdev/sec_interp/logs/sec_interp_debug.log
2025-12-25 22:38:41 | DEBUG    | SecInterp.sec_interp.gui.preview_legend_renderer | get_logger:100 | Thread-127744158243776 | File logging initialized: /home/jmbernales/qgispluginsdev/sec_interp/logs/sec_interp_debug.log
2025-12-25 22:38:41 | DEBUG    | SecInterp.sec_interp.gui.preview_renderer | get_logger:100 | Thread-127744158243776 | File logging initialized: /home/jmbernales/qgispluginsdev/sec_interp/logs/sec_interp_debug.log
2025-12-25 22:38:42 | DEBUG    | SecInterp.sec_interp.sec_interp_plugin | get_logger:100 | Thread-127744158243776 | File logging initialized: /home/jmbernales/qgispluginsdev/sec_interp/logs/sec_interp_debug.log
2025-12-25 22:44:51 | DEBUG    | SecInterp.sec_interp.core.config | get_logger:117 | Thread-135860159634368 | File logging initialized: /home/jmbernales/qgispluginsdev/sec_interp/logs/sec_interp_debug.log
2025-12-25 22:44:51 | DEBUG    | SecInterp.sec_interp.core.utils.geometry_utils.filtering | get_logger:117 | Thread-135860159634368 | File logging initialized: /home/jmbernales/qgispluginsdev/sec_interp/logs/sec_interp_debug.log
2025-12-25 22:44:51 | DEBUG    | SecInterp.sec_interp.core.utils.geometry_utils.processing | get_logger:117 | Thread-135860159634368 | File logging initialized: /home/jmbernales/qgispluginsdev/sec_interp/logs/sec_interp_debug.log
2025-12-25 22:44:51 | DEBUG    | SecInterp.sec_interp.core.performance_metrics | get_logger:117 | Thread-135860159634368 | File logging initialized: /home/jmbernales/qgispluginsdev/sec_interp/logs/sec_interp_debug.log
2025-12-25 22:44:51 | DEBUG    | SecInterp.sec_interp.core.utils.sampling | get_logger:117 | Thread-135860159634368 | File logging initialized: /home/jmbernales/qgispluginsdev/sec_interp/logs/sec_interp_debug.log
2025-12-25 22:44:51 | DEBUG    | SecInterp.sec_interp.core.data_cache | get_logger:117 | Thread-135860159634368 | File logging initialized: /home/jmbernales/qgispluginsdev/sec_interp/logs/sec_interp_debug.log
2025-12-25 22:44:51 | DEBUG    | SecInterp.sec_interp.core.services.drillhole_service | get_logger:117 | Thread-135860159634368 | File logging initialized: /home/jmbernales/qgispluginsdev/sec_interp/logs/sec_interp_debug.log
2025-12-25 22:44:51 | DEBUG    | SecInterp.sec_interp.core.utils.resource_manager | get_logger:117 | Thread-135860159634368 | File logging initialized: /home/jmbernales/qgispluginsdev/sec_interp/logs/sec_interp_debug.log
2025-12-25 22:44:51 | DEBUG    | SecInterp.sec_interp.core.services.geology_service | get_logger:117 | Thread-135860159634368 | File logging initialized: /home/jmbernales/qgispluginsdev/sec_interp/logs/sec_interp_debug.log
2025-12-25 22:44:51 | DEBUG    | SecInterp.sec_interp.core.services.interpretation_service | get_logger:117 | Thread-135860159634368 | File logging initialized: /home/jmbernales/qgispluginsdev/sec_interp/logs/sec_interp_debug.log
2025-12-25 22:44:51 | DEBUG    | SecInterp.sec_interp.core.services.profile_service | get_logger:117 | Thread-135860159634368 | File logging initialized: /home/jmbernales/qgispluginsdev/sec_interp/logs/sec_interp_debug.log
2025-12-25 22:44:51 | DEBUG    | SecInterp.sec_interp.core.services.structure_service | get_logger:117 | Thread-135860159634368 | File logging initialized: /home/jmbernales/qgispluginsdev/sec_interp/logs/sec_interp_debug.log
2025-12-25 22:44:51 | DEBUG    | SecInterp.sec_interp.core.controller | get_logger:117 | Thread-135860159634368 | File logging initialized: /home/jmbernales/qgispluginsdev/sec_interp/logs/sec_interp_debug.log
2025-12-25 22:44:52 | DEBUG    | SecInterp.sec_interp.core.services.export_service | get_logger:117 | Thread-135860159634368 | File logging initialized: /home/jmbernales/qgispluginsdev/sec_interp/logs/sec_interp_debug.log
2025-12-25 22:44:52 | DEBUG    | SecInterp.sec_interp.core.services.preview_service | get_logger:117 | Thread-135860159634368 | File logging initialized: /home/jmbernales/qgispluginsdev/sec_interp/logs/sec_interp_debug.log
2025-12-25 22:44:52 | DEBUG    | SecInterp.sec_interp.exporters.csv_exporter | get_logger:117 | Thread-135860159634368 | File logging initialized: /home/jmbernales/qgispluginsdev/sec_interp/logs/sec_interp_debug.log
2025-12-25 22:44:52 | DEBUG    | SecInterp.sec_interp.exporters.drillhole_exporters | get_logger:117 | Thread-135860159634368 | File logging initialized: /home/jmbernales/qgispluginsdev/sec_interp/logs/sec_interp_debug.log
2025-12-25 22:44:52 | DEBUG    | SecInterp.sec_interp.exporters.image_exporter | get_logger:117 | Thread-135860159634368 | File logging initialized: /home/jmbernales/qgispluginsdev/sec_interp/logs/sec_interp_debug.log
2025-12-25 22:44:52 | DEBUG    | SecInterp.sec_interp.exporters.pdf_exporter | get_logger:117 | Thread-135860159634368 | File logging initialized: /home/jmbernales/qgispluginsdev/sec_interp/logs/sec_interp_debug.log
2025-12-25 22:44:52 | DEBUG    | SecInterp.sec_interp.exporters.profile_exporters | get_logger:117 | Thread-135860159634368 | File logging initialized: /home/jmbernales/qgispluginsdev/sec_interp/logs/sec_interp_debug.log
2025-12-25 22:44:52 | DEBUG    | SecInterp.sec_interp.exporters.shp_exporter | get_logger:117 | Thread-135860159634368 | File logging initialized: /home/jmbernales/qgispluginsdev/sec_interp/logs/sec_interp_debug.log
2025-12-25 22:44:52 | DEBUG    | SecInterp.sec_interp.exporters.svg_exporter | get_logger:117 | Thread-135860159634368 | File logging initialized: /home/jmbernales/qgispluginsdev/sec_interp/logs/sec_interp_debug.log
2025-12-25 22:44:52 | DEBUG    | SecInterp.sec_interp.exporters.interpretation_exporters | get_logger:117 | Thread-135860159634368 | File logging initialized: /home/jmbernales/qgispluginsdev/sec_interp/logs/sec_interp_debug.log
2025-12-25 22:44:52 | DEBUG    | SecInterp.sec_interp.gui.utils | get_logger:117 | Thread-135860159634368 | File logging initialized: /home/jmbernales/qgispluginsdev/sec_interp/logs/sec_interp_debug.log
2025-12-25 22:44:52 | DEBUG    | SecInterp.sec_interp.gui.main_dialog | get_logger:117 | Thread-135860159634368 | File logging initialized: /home/jmbernales/qgispluginsdev/sec_interp/logs/sec_interp_debug.log
2025-12-25 22:44:52 | DEBUG    | SecInterp.sec_interp.gui.main_dialog_cache_handler | get_logger:117 | Thread-135860159634368 | File logging initialized: /home/jmbernales/qgispluginsdev/sec_interp/logs/sec_interp_debug.log
2025-12-25 22:44:52 | DEBUG    | SecInterp.sec_interp.gui.main_dialog_export | get_logger:117 | Thread-135860159634368 | File logging initialized: /home/jmbernales/qgispluginsdev/sec_interp/logs/sec_interp_debug.log
2025-12-25 22:44:52 | DEBUG    | SecInterp.sec_interp.gui.parallel_geology | get_logger:117 | Thread-135860159634368 | File logging initialized: /home/jmbernales/qgispluginsdev/sec_interp/logs/sec_interp_debug.log
2025-12-25 22:44:52 | DEBUG    | SecInterp.sec_interp.gui.main_dialog_preview | get_logger:117 | Thread-135860159634368 | File logging initialized: /home/jmbernales/qgispluginsdev/sec_interp/logs/sec_interp_debug.log
2025-12-25 22:44:52 | DEBUG    | SecInterp.sec_interp.gui.main_dialog_signals | get_logger:117 | Thread-135860159634368 | File logging initialized: /home/jmbernales/qgispluginsdev/sec_interp/logs/sec_interp_debug.log
2025-12-25 22:44:52 | DEBUG    | SecInterp.sec_interp.gui.tools.interpretation_tool | get_logger:117 | Thread-135860159634368 | File logging initialized: /home/jmbernales/qgispluginsdev/sec_interp/logs/sec_interp_debug.log
2025-12-25 22:44:52 | DEBUG    | SecInterp.sec_interp.gui.tools.measure_tool | get_logger:117 | Thread-135860159634368 | File logging initialized: /home/jmbernales/qgispluginsdev/sec_interp/logs/sec_interp_debug.log
2025-12-25 22:44:52 | DEBUG    | SecInterp.sec_interp.gui.ui.pages.drillhole_page | get_logger:117 | Thread-135860159634368 | File logging initialized: /home/jmbernales/qgispluginsdev/sec_interp/logs/sec_interp_debug.log
2025-12-25 22:44:52 | DEBUG    | SecInterp.sec_interp.gui.preview_axes_manager | get_logger:117 | Thread-135860159634368 | File logging initialized: /home/jmbernales/qgispluginsdev/sec_interp/logs/sec_interp_debug.log
2025-12-25 22:44:52 | DEBUG    | SecInterp.sec_interp.gui.preview_optimizer | get_logger:117 | Thread-135860159634368 | File logging initialized: /home/jmbernales/qgispluginsdev/sec_interp/logs/sec_interp_debug.log
2025-12-25 22:44:52 | DEBUG    | SecInterp.sec_interp.gui.preview_layer_factory | get_logger:117 | Thread-135860159634368 | File logging initialized: /home/jmbernales/qgispluginsdev/sec_interp/logs/sec_interp_debug.log
2025-12-25 22:44:52 | DEBUG    | SecInterp.sec_interp.gui.preview_legend_renderer | get_logger:117 | Thread-135860159634368 | File logging initialized: /home/jmbernales/qgispluginsdev/sec_interp/logs/sec_interp_debug.log
2025-12-25 22:44:52 | DEBUG    | SecInterp.sec_interp.gui.preview_renderer | get_logger:117 | Thread-135860159634368 | File logging initialized: /home/jmbernales/qgispluginsdev/sec_interp/logs/sec_interp_debug.log
2025-12-25 22:44:53 | DEBUG    | SecInterp.sec_interp.sec_interp_plugin | get_logger:117 | Thread-135860159634368 | File logging initialized: /home/jmbernales/qgispluginsdev/sec_interp/logs/sec_interp_debug.log
2025-12-25 22:50:03 | DEBUG    | SecInterp.sec_interp.core.utils.geometry_utils.filtering | get_logger:117 | Thread-126745223752640 | File logging initialized: /home/jmbernales/qgispluginsdev/sec_interp/logs/sec_interp_debug.log
2025-12-25 22:50:03 | DEBUG    | SecInterp.sec_interp.core.utils.geometry_utils.processing | get_logger:117 | Thread-126745223752640 | File logging initialized: /home/jmbernales/qgispluginsdev/sec_interp/logs/sec_interp_debug.log
2025-12-25 22:50:03 | DEBUG    | SecInterp.sec_interp.core.performance_metrics | get_logger:117 | Thread-126745223752640 | File logging initialized: /home/jmbernales/qgispluginsdev/sec_interp/logs/sec_interp_debug.log
2025-12-25 22:50:03 | DEBUG    | SecInterp.sec_interp.core.utils.sampling | get_logger:117 | Thread-126745223752640 | File logging initialized: /home/jmbernales/qgispluginsdev/sec_interp/logs/sec_interp_debug.log
2025-12-25 22:50:03 | DEBUG    | SecInterp.sec_interp.exporters.csv_exporter | get_logger:117 | Thread-126745223752640 | File logging initialized: /home/jmbernales/qgispluginsdev/sec_interp/logs/sec_interp_debug.log
2025-12-25 22:50:03 | DEBUG    | SecInterp.sec_interp.exporters.drillhole_exporters | get_logger:117 | Thread-126745223752640 | File logging initialized: /home/jmbernales/qgispluginsdev/sec_interp/logs/sec_interp_debug.log
2025-12-25 22:50:03 | DEBUG    | SecInterp.sec_interp.exporters.image_exporter | get_logger:117 | Thread-126745223752640 | File logging initialized: /home/jmbernales/qgispluginsdev/sec_interp/logs/sec_interp_debug.log
2025-12-25 22:50:03 | DEBUG    | SecInterp.sec_interp.exporters.pdf_exporter | get_logger:117 | Thread-126745223752640 | File logging initialized: /home/jmbernales/qgispluginsdev/sec_interp/logs/sec_interp_debug.log
2025-12-25 22:50:03 | DEBUG    | SecInterp.sec_interp.exporters.profile_exporters | get_logger:117 | Thread-126745223752640 | File logging initialized: /home/jmbernales/qgispluginsdev/sec_interp/logs/sec_interp_debug.log
2025-12-25 22:50:03 | DEBUG    | SecInterp.sec_interp.exporters.shp_exporter | get_logger:117 | Thread-126745223752640 | File logging initialized: /home/jmbernales/qgispluginsdev/sec_interp/logs/sec_interp_debug.log
2025-12-25 22:50:03 | DEBUG    | SecInterp.sec_interp.exporters.svg_exporter | get_logger:117 | Thread-126745223752640 | File logging initialized: /home/jmbernales/qgispluginsdev/sec_interp/logs/sec_interp_debug.log
2025-12-25 22:50:03 | DEBUG    | SecInterp.sec_interp.gui.utils | get_logger:117 | Thread-126745223752640 | File logging initialized: /home/jmbernales/qgispluginsdev/sec_interp/logs/sec_interp_debug.log
2025-12-25 22:50:03 | DEBUG    | SecInterp.sec_interp.gui.main_dialog | get_logger:117 | Thread-126745223752640 | File logging initialized: /home/jmbernales/qgispluginsdev/sec_interp/logs/sec_interp_debug.log
2025-12-25 22:50:03 | DEBUG    | SecInterp.sec_interp.gui.main_dialog_cache_handler | get_logger:117 | Thread-126745223752640 | File logging initialized: /home/jmbernales/qgispluginsdev/sec_interp/logs/sec_interp_debug.log
2025-12-25 22:50:03 | DEBUG    | SecInterp.sec_interp.core.services.drillhole_service | get_logger:117 | Thread-126745223752640 | File logging initialized: /home/jmbernales/qgispluginsdev/sec_interp/logs/sec_interp_debug.log
2025-12-25 22:50:03 | DEBUG    | SecInterp.sec_interp.core.utils.resource_manager | get_logger:117 | Thread-126745223752640 | File logging initialized: /home/jmbernales/qgispluginsdev/sec_interp/logs/sec_interp_debug.log
2025-12-25 22:50:03 | DEBUG    | SecInterp.sec_interp.core.services.geology_service | get_logger:117 | Thread-126745223752640 | File logging initialized: /home/jmbernales/qgispluginsdev/sec_interp/logs/sec_interp_debug.log
2025-12-25 22:50:03 | DEBUG    | SecInterp.sec_interp.core.services.interpretation_service | get_logger:117 | Thread-126745223752640 | File logging initialized: /home/jmbernales/qgispluginsdev/sec_interp/logs/sec_interp_debug.log
2025-12-25 22:50:03 | DEBUG    | SecInterp.sec_interp.core.services.profile_service | get_logger:117 | Thread-126745223752640 | File logging initialized: /home/jmbernales/qgispluginsdev/sec_interp/logs/sec_interp_debug.log
2025-12-25 22:50:03 | DEBUG    | SecInterp.sec_interp.core.services.structure_service | get_logger:117 | Thread-126745223752640 | File logging initialized: /home/jmbernales/qgispluginsdev/sec_interp/logs/sec_interp_debug.log
2025-12-25 22:50:03 | DEBUG    | SecInterp.sec_interp.core.services.export_service | get_logger:117 | Thread-126745223752640 | File logging initialized: /home/jmbernales/qgispluginsdev/sec_interp/logs/sec_interp_debug.log
2025-12-25 22:50:03 | DEBUG    | SecInterp.sec_interp.gui.main_dialog_export | get_logger:117 | Thread-126745223752640 | File logging initialized: /home/jmbernales/qgispluginsdev/sec_interp/logs/sec_interp_debug.log
2025-12-25 22:50:03 | DEBUG    | SecInterp.sec_interp.core.services.preview_service | get_logger:117 | Thread-126745223752640 | File logging initialized: /home/jmbernales/qgispluginsdev/sec_interp/logs/sec_interp_debug.log
2025-12-25 22:50:03 | DEBUG    | SecInterp.sec_interp.gui.parallel_geology | get_logger:117 | Thread-126745223752640 | File logging initialized: /home/jmbernales/qgispluginsdev/sec_interp/logs/sec_interp_debug.log
2025-12-25 22:50:03 | DEBUG    | SecInterp.sec_interp.gui.main_dialog_preview | get_logger:117 | Thread-126745223752640 | File logging initialized: /home/jmbernales/qgispluginsdev/sec_interp/logs/sec_interp_debug.log
2025-12-25 22:50:03 | DEBUG    | SecInterp.sec_interp.gui.main_dialog_signals | get_logger:117 | Thread-126745223752640 | File logging initialized: /home/jmbernales/qgispluginsdev/sec_interp/logs/sec_interp_debug.log
2025-12-25 22:50:03 | DEBUG    | SecInterp.sec_interp.gui.tools.interpretation_tool | get_logger:117 | Thread-126745223752640 | File logging initialized: /home/jmbernales/qgispluginsdev/sec_interp/logs/sec_interp_debug.log
2025-12-25 22:50:03 | DEBUG    | SecInterp.sec_interp.gui.tools.measure_tool | get_logger:117 | Thread-126745223752640 | File logging initialized: /home/jmbernales/qgispluginsdev/sec_interp/logs/sec_interp_debug.log
2025-12-25 22:50:03 | DEBUG    | SecInterp.sec_interp.gui.ui.pages.drillhole_page | get_logger:117 | Thread-126745223752640 | File logging initialized: /home/jmbernales/qgispluginsdev/sec_interp/logs/sec_interp_debug.log
2025-12-25 22:50:03 | DEBUG    | SecInterp.sec_interp.gui.preview_axes_manager | get_logger:117 | Thread-126745223752640 | File logging initialized: /home/jmbernales/qgispluginsdev/sec_interp/logs/sec_interp_debug.log
2025-12-25 22:50:03 | DEBUG    | SecInterp.sec_interp.gui.preview_optimizer | get_logger:117 | Thread-126745223752640 | File logging initialized: /home/jmbernales/qgispluginsdev/sec_interp/logs/sec_interp_debug.log
2025-12-25 22:50:03 | DEBUG    | SecInterp.sec_interp.gui.preview_layer_factory | get_logger:117 | Thread-126745223752640 | File logging initialized: /home/jmbernales/qgispluginsdev/sec_interp/logs/sec_interp_debug.log
2025-12-25 22:50:03 | DEBUG    | SecInterp.sec_interp.gui.preview_legend_renderer | get_logger:117 | Thread-126745223752640 | File logging initialized: /home/jmbernales/qgispluginsdev/sec_interp/logs/sec_interp_debug.log
2025-12-25 22:50:03 | DEBUG    | SecInterp.sec_interp.gui.preview_renderer | get_logger:117 | Thread-126745223752640 | File logging initialized: /home/jmbernales/qgispluginsdev/sec_interp/logs/sec_interp_debug.log
2025-12-25 22:50:03 | DEBUG    | SecInterp.sec_interp.core.config | get_logger:117 | Thread-126745223752640 | File logging initialized: /home/jmbernales/qgispluginsdev/sec_interp/logs/sec_interp_debug.log
2025-12-25 22:50:03 | DEBUG    | SecInterp.sec_interp.core.data_cache | get_logger:117 | Thread-126745223752640 | File logging initialized: /home/jmbernales/qgispluginsdev/sec_interp/logs/sec_interp_debug.log
2025-12-25 22:50:03 | DEBUG    | SecInterp.sec_interp.core.controller | get_logger:117 | Thread-126745223752640 | File logging initialized: /home/jmbernales/qgispluginsdev/sec_interp/logs/sec_interp_debug.log
2025-12-25 22:50:03 | DEBUG    | SecInterp.sec_interp.sec_interp_plugin | get_logger:117 | Thread-126745223752640 | File logging initialized: /home/jmbernales/qgispluginsdev/sec_interp/logs/sec_interp_debug.log
2025-12-25 22:57:34 | DEBUG    | SecInterp.sec_interp.core.utils.geometry_utils.filtering | get_logger:117 | Thread-138371214773184 | File logging initialized: /home/jmbernales/qgispluginsdev/sec_interp/logs/sec_interp_debug.log
2025-12-25 22:57:34 | DEBUG    | SecInterp.sec_interp.core.utils.geometry_utils.processing | get_logger:117 | Thread-138371214773184 | File logging initialized: /home/jmbernales/qgispluginsdev/sec_interp/logs/sec_interp_debug.log
2025-12-25 22:57:34 | DEBUG    | SecInterp.sec_interp.core.performance_metrics | get_logger:117 | Thread-138371214773184 | File logging initialized: /home/jmbernales/qgispluginsdev/sec_interp/logs/sec_interp_debug.log
2025-12-25 22:57:34 | DEBUG    | SecInterp.sec_interp.core.utils.sampling | get_logger:117 | Thread-138371214773184 | File logging initialized: /home/jmbernales/qgispluginsdev/sec_interp/logs/sec_interp_debug.log
2025-12-25 22:57:34 | DEBUG    | SecInterp.sec_interp.exporters.csv_exporter | get_logger:117 | Thread-138371214773184 | File logging initialized: /home/jmbernales/qgispluginsdev/sec_interp/logs/sec_interp_debug.log
2025-12-25 22:57:34 | DEBUG    | SecInterp.sec_interp.exporters.drillhole_exporters | get_logger:117 | Thread-138371214773184 | File logging initialized: /home/jmbernales/qgispluginsdev/sec_interp/logs/sec_interp_debug.log
2025-12-25 22:57:34 | DEBUG    | SecInterp.sec_interp.exporters.image_exporter | get_logger:117 | Thread-138371214773184 | File logging initialized: /home/jmbernales/qgispluginsdev/sec_interp/logs/sec_interp_debug.log
2025-12-25 22:57:34 | DEBUG    | SecInterp.sec_interp.exporters.pdf_exporter | get_logger:117 | Thread-138371214773184 | File logging initialized: /home/jmbernales/qgispluginsdev/sec_interp/logs/sec_interp_debug.log
2025-12-25 22:57:34 | DEBUG    | SecInterp.sec_interp.exporters.profile_exporters | get_logger:117 | Thread-138371214773184 | File logging initialized: /home/jmbernales/qgispluginsdev/sec_interp/logs/sec_interp_debug.log
2025-12-25 22:57:34 | DEBUG    | SecInterp.sec_interp.exporters.shp_exporter | get_logger:117 | Thread-138371214773184 | File logging initialized: /home/jmbernales/qgispluginsdev/sec_interp/logs/sec_interp_debug.log
2025-12-25 22:57:34 | DEBUG    | SecInterp.sec_interp.exporters.svg_exporter | get_logger:117 | Thread-138371214773184 | File logging initialized: /home/jmbernales/qgispluginsdev/sec_interp/logs/sec_interp_debug.log
2025-12-25 22:57:34 | DEBUG    | SecInterp.sec_interp.gui.utils | get_logger:117 | Thread-138371214773184 | File logging initialized: /home/jmbernales/qgispluginsdev/sec_interp/logs/sec_interp_debug.log
2025-12-25 22:57:34 | DEBUG    | SecInterp.sec_interp.gui.main_dialog | get_logger:117 | Thread-138371214773184 | File logging initialized: /home/jmbernales/qgispluginsdev/sec_interp/logs/sec_interp_debug.log
2025-12-25 22:57:34 | DEBUG    | SecInterp.sec_interp.gui.main_dialog_cache_handler | get_logger:117 | Thread-138371214773184 | File logging initialized: /home/jmbernales/qgispluginsdev/sec_interp/logs/sec_interp_debug.log
2025-12-25 22:57:34 | DEBUG    | SecInterp.sec_interp.core.services.drillhole_service | get_logger:117 | Thread-138371214773184 | File logging initialized: /home/jmbernales/qgispluginsdev/sec_interp/logs/sec_interp_debug.log
2025-12-25 22:57:34 | DEBUG    | SecInterp.sec_interp.core.utils.resource_manager | get_logger:117 | Thread-138371214773184 | File logging initialized: /home/jmbernales/qgispluginsdev/sec_interp/logs/sec_interp_debug.log
2025-12-25 22:57:34 | DEBUG    | SecInterp.sec_interp.core.services.geology_service | get_logger:117 | Thread-138371214773184 | File logging initialized: /home/jmbernales/qgispluginsdev/sec_interp/logs/sec_interp_debug.log
2025-12-25 22:57:34 | DEBUG    | SecInterp.sec_interp.core.services.interpretation_service | get_logger:117 | Thread-138371214773184 | File logging initialized: /home/jmbernales/qgispluginsdev/sec_interp/logs/sec_interp_debug.log
2025-12-25 22:57:34 | DEBUG    | SecInterp.sec_interp.core.services.profile_service | get_logger:117 | Thread-138371214773184 | File logging initialized: /home/jmbernales/qgispluginsdev/sec_interp/logs/sec_interp_debug.log
2025-12-25 22:57:34 | DEBUG    | SecInterp.sec_interp.core.services.structure_service | get_logger:117 | Thread-138371214773184 | File logging initialized: /home/jmbernales/qgispluginsdev/sec_interp/logs/sec_interp_debug.log
2025-12-25 22:57:34 | DEBUG    | SecInterp.sec_interp.core.services.export_service | get_logger:117 | Thread-138371214773184 | File logging initialized: /home/jmbernales/qgispluginsdev/sec_interp/logs/sec_interp_debug.log
2025-12-25 22:57:34 | DEBUG    | SecInterp.sec_interp.gui.main_dialog_export | get_logger:117 | Thread-138371214773184 | File logging initialized: /home/jmbernales/qgispluginsdev/sec_interp/logs/sec_interp_debug.log
2025-12-25 22:57:34 | DEBUG    | SecInterp.sec_interp.core.services.preview_service | get_logger:117 | Thread-138371214773184 | File logging initialized: /home/jmbernales/qgispluginsdev/sec_interp/logs/sec_interp_debug.log
2025-12-25 22:57:34 | DEBUG    | SecInterp.sec_interp.gui.parallel_geology | get_logger:117 | Thread-138371214773184 | File logging initialized: /home/jmbernales/qgispluginsdev/sec_interp/logs/sec_interp_debug.log
2025-12-25 22:57:34 | DEBUG    | SecInterp.sec_interp.gui.main_dialog_preview | get_logger:117 | Thread-138371214773184 | File logging initialized: /home/jmbernales/qgispluginsdev/sec_interp/logs/sec_interp_debug.log
2025-12-25 22:57:34 | DEBUG    | SecInterp.sec_interp.gui.main_dialog_signals | get_logger:117 | Thread-138371214773184 | File logging initialized: /home/jmbernales/qgispluginsdev/sec_interp/logs/sec_interp_debug.log
2025-12-25 22:57:34 | DEBUG    | SecInterp.sec_interp.gui.tools.interpretation_tool | get_logger:117 | Thread-138371214773184 | File logging initialized: /home/jmbernales/qgispluginsdev/sec_interp/logs/sec_interp_debug.log
2025-12-25 22:57:34 | DEBUG    | SecInterp.sec_interp.gui.tools.measure_tool | get_logger:117 | Thread-138371214773184 | File logging initialized: /home/jmbernales/qgispluginsdev/sec_interp/logs/sec_interp_debug.log
2025-12-25 22:57:34 | DEBUG    | SecInterp.sec_interp.gui.ui.pages.drillhole_page | get_logger:117 | Thread-138371214773184 | File logging initialized: /home/jmbernales/qgispluginsdev/sec_interp/logs/sec_interp_debug.log
2025-12-25 22:57:34 | DEBUG    | SecInterp.sec_interp.gui.preview_axes_manager | get_logger:117 | Thread-138371214773184 | File logging initialized: /home/jmbernales/qgispluginsdev/sec_interp/logs/sec_interp_debug.log
2025-12-25 22:57:34 | DEBUG    | SecInterp.sec_interp.gui.preview_optimizer | get_logger:117 | Thread-138371214773184 | File logging initialized: /home/jmbernales/qgispluginsdev/sec_interp/logs/sec_interp_debug.log
2025-12-25 22:57:34 | DEBUG    | SecInterp.sec_interp.gui.preview_layer_factory | get_logger:117 | Thread-138371214773184 | File logging initialized: /home/jmbernales/qgispluginsdev/sec_interp/logs/sec_interp_debug.log
2025-12-25 22:57:34 | DEBUG    | SecInterp.sec_interp.gui.preview_legend_renderer | get_logger:117 | Thread-138371214773184 | File logging initialized: /home/jmbernales/qgispluginsdev/sec_interp/logs/sec_interp_debug.log
2025-12-25 22:57:34 | DEBUG    | SecInterp.sec_interp.gui.preview_renderer | get_logger:117 | Thread-138371214773184 | File logging initialized: /home/jmbernales/qgispluginsdev/sec_interp/logs/sec_interp_debug.log
2025-12-25 22:57:35 | DEBUG    | SecInterp.sec_interp.core.config | get_logger:117 | Thread-138371214773184 | File logging initialized: /home/jmbernales/qgispluginsdev/sec_interp/logs/sec_interp_debug.log
2025-12-25 22:57:35 | DEBUG    | SecInterp.sec_interp.core.data_cache | get_logger:117 | Thread-138371214773184 | File logging initialized: /home/jmbernales/qgispluginsdev/sec_interp/logs/sec_interp_debug.log
2025-12-25 22:57:35 | DEBUG    | SecInterp.sec_interp.core.controller | get_logger:117 | Thread-138371214773184 | File logging initialized: /home/jmbernales/qgispluginsdev/sec_interp/logs/sec_interp_debug.log
2025-12-25 22:57:35 | DEBUG    | SecInterp.sec_interp.sec_interp_plugin | get_logger:117 | Thread-138371214773184 | File logging initialized: /home/jmbernales/qgispluginsdev/sec_interp/logs/sec_interp_debug.log
2025-12-25 23:02:37 | DEBUG    | SecInterp.sec_interp.core.utils.geometry_utils.filtering | get_logger:117 | Thread-131364106324928 | File logging initialized: /home/jmbernales/qgispluginsdev/sec_interp/logs/sec_interp_debug.log
2025-12-25 23:02:37 | DEBUG    | SecInterp.sec_interp.core.utils.geometry_utils.processing | get_logger:117 | Thread-131364106324928 | File logging initialized: /home/jmbernales/qgispluginsdev/sec_interp/logs/sec_interp_debug.log
2025-12-25 23:02:37 | DEBUG    | SecInterp.sec_interp.core.performance_metrics | get_logger:117 | Thread-131364106324928 | File logging initialized: /home/jmbernales/qgispluginsdev/sec_interp/logs/sec_interp_debug.log
2025-12-25 23:02:37 | DEBUG    | SecInterp.sec_interp.core.utils.sampling | get_logger:117 | Thread-131364106324928 | File logging initialized: /home/jmbernales/qgispluginsdev/sec_interp/logs/sec_interp_debug.log
2025-12-25 23:02:37 | DEBUG    | SecInterp.sec_interp.exporters.csv_exporter | get_logger:117 | Thread-131364106324928 | File logging initialized: /home/jmbernales/qgispluginsdev/sec_interp/logs/sec_interp_debug.log
2025-12-25 23:02:37 | DEBUG    | SecInterp.sec_interp.exporters.drillhole_exporters | get_logger:117 | Thread-131364106324928 | File logging initialized: /home/jmbernales/qgispluginsdev/sec_interp/logs/sec_interp_debug.log
2025-12-25 23:02:37 | DEBUG    | SecInterp.sec_interp.exporters.image_exporter | get_logger:117 | Thread-131364106324928 | File logging initialized: /home/jmbernales/qgispluginsdev/sec_interp/logs/sec_interp_debug.log
2025-12-25 23:02:37 | DEBUG    | SecInterp.sec_interp.exporters.pdf_exporter | get_logger:117 | Thread-131364106324928 | File logging initialized: /home/jmbernales/qgispluginsdev/sec_interp/logs/sec_interp_debug.log
2025-12-25 23:02:37 | DEBUG    | SecInterp.sec_interp.exporters.profile_exporters | get_logger:117 | Thread-131364106324928 | File logging initialized: /home/jmbernales/qgispluginsdev/sec_interp/logs/sec_interp_debug.log
2025-12-25 23:02:37 | DEBUG    | SecInterp.sec_interp.exporters.shp_exporter | get_logger:117 | Thread-131364106324928 | File logging initialized: /home/jmbernales/qgispluginsdev/sec_interp/logs/sec_interp_debug.log
2025-12-25 23:02:37 | DEBUG    | SecInterp.sec_interp.exporters.svg_exporter | get_logger:117 | Thread-131364106324928 | File logging initialized: /home/jmbernales/qgispluginsdev/sec_interp/logs/sec_interp_debug.log
2025-12-25 23:02:37 | DEBUG    | SecInterp.sec_interp.gui.utils | get_logger:117 | Thread-131364106324928 | File logging initialized: /home/jmbernales/qgispluginsdev/sec_interp/logs/sec_interp_debug.log
2025-12-25 23:02:37 | DEBUG    | SecInterp.sec_interp.gui.main_dialog | get_logger:117 | Thread-131364106324928 | File logging initialized: /home/jmbernales/qgispluginsdev/sec_interp/logs/sec_interp_debug.log
2025-12-25 23:02:37 | DEBUG    | SecInterp.sec_interp.gui.main_dialog_cache_handler | get_logger:117 | Thread-131364106324928 | File logging initialized: /home/jmbernales/qgispluginsdev/sec_interp/logs/sec_interp_debug.log
2025-12-25 23:02:37 | DEBUG    | SecInterp.sec_interp.core.services.drillhole_service | get_logger:117 | Thread-131364106324928 | File logging initialized: /home/jmbernales/qgispluginsdev/sec_interp/logs/sec_interp_debug.log
2025-12-25 23:02:37 | DEBUG    | SecInterp.sec_interp.core.utils.resource_manager | get_logger:117 | Thread-131364106324928 | File logging initialized: /home/jmbernales/qgispluginsdev/sec_interp/logs/sec_interp_debug.log
2025-12-25 23:02:37 | DEBUG    | SecInterp.sec_interp.core.services.geology_service | get_logger:117 | Thread-131364106324928 | File logging initialized: /home/jmbernales/qgispluginsdev/sec_interp/logs/sec_interp_debug.log
2025-12-25 23:02:37 | DEBUG    | SecInterp.sec_interp.core.services.interpretation_service | get_logger:117 | Thread-131364106324928 | File logging initialized: /home/jmbernales/qgispluginsdev/sec_interp/logs/sec_interp_debug.log
2025-12-25 23:02:37 | DEBUG    | SecInterp.sec_interp.core.services.profile_service | get_logger:117 | Thread-131364106324928 | File logging initialized: /home/jmbernales/qgispluginsdev/sec_interp/logs/sec_interp_debug.log
2025-12-25 23:02:37 | DEBUG    | SecInterp.sec_interp.core.services.structure_service | get_logger:117 | Thread-131364106324928 | File logging initialized: /home/jmbernales/qgispluginsdev/sec_interp/logs/sec_interp_debug.log
2025-12-25 23:02:37 | DEBUG    | SecInterp.sec_interp.core.services.export_service | get_logger:117 | Thread-131364106324928 | File logging initialized: /home/jmbernales/qgispluginsdev/sec_interp/logs/sec_interp_debug.log
2025-12-25 23:02:37 | DEBUG    | SecInterp.sec_interp.gui.main_dialog_export | get_logger:117 | Thread-131364106324928 | File logging initialized: /home/jmbernales/qgispluginsdev/sec_interp/logs/sec_interp_debug.log
2025-12-25 23:02:37 | DEBUG    | SecInterp.sec_interp.core.services.preview_service | get_logger:117 | Thread-131364106324928 | File logging initialized: /home/jmbernales/qgispluginsdev/sec_interp/logs/sec_interp_debug.log
2025-12-25 23:02:37 | DEBUG    | SecInterp.sec_interp.gui.parallel_geology | get_logger:117 | Thread-131364106324928 | File logging initialized: /home/jmbernales/qgispluginsdev/sec_interp/logs/sec_interp_debug.log
2025-12-25 23:02:37 | DEBUG    | SecInterp.sec_interp.gui.main_dialog_preview | get_logger:117 | Thread-131364106324928 | File logging initialized: /home/jmbernales/qgispluginsdev/sec_interp/logs/sec_interp_debug.log
2025-12-25 23:02:37 | DEBUG    | SecInterp.sec_interp.gui.main_dialog_signals | get_logger:117 | Thread-131364106324928 | File logging initialized: /home/jmbernales/qgispluginsdev/sec_interp/logs/sec_interp_debug.log
2025-12-25 23:02:37 | DEBUG    | SecInterp.sec_interp.gui.tools.interpretation_tool | get_logger:117 | Thread-131364106324928 | File logging initialized: /home/jmbernales/qgispluginsdev/sec_interp/logs/sec_interp_debug.log
2025-12-25 23:02:37 | DEBUG    | SecInterp.sec_interp.gui.tools.measure_tool | get_logger:117 | Thread-131364106324928 | File logging initialized: /home/jmbernales/qgispluginsdev/sec_interp/logs/sec_interp_debug.log
2025-12-25 23:02:37 | DEBUG    | SecInterp.sec_interp.gui.ui.pages.drillhole_page | get_logger:117 | Thread-131364106324928 | File logging initialized: /home/jmbernales/qgispluginsdev/sec_interp/logs/sec_interp_debug.log
2025-12-25 23:02:37 | DEBUG    | SecInterp.sec_interp.gui.preview_axes_manager | get_logger:117 | Thread-131364106324928 | File logging initialized: /home/jmbernales/qgispluginsdev/sec_interp/logs/sec_interp_debug.log
2025-12-25 23:02:37 | DEBUG    | SecInterp.sec_interp.gui.preview_optimizer | get_logger:117 | Thread-131364106324928 | File logging initialized: /home/jmbernales/qgispluginsdev/sec_interp/logs/sec_interp_debug.log
2025-12-25 23:02:37 | DEBUG    | SecInterp.sec_interp.gui.preview_layer_factory | get_logger:117 | Thread-131364106324928 | File logging initialized: /home/jmbernales/qgispluginsdev/sec_interp/logs/sec_interp_debug.log
2025-12-25 23:02:37 | DEBUG    | SecInterp.sec_interp.gui.preview_legend_renderer | get_logger:117 | Thread-131364106324928 | File logging initialized: /home/jmbernales/qgispluginsdev/sec_interp/logs/sec_interp_debug.log
2025-12-25 23:02:37 | DEBUG    | SecInterp.sec_interp.gui.preview_renderer | get_logger:117 | Thread-131364106324928 | File logging initialized: /home/jmbernales/qgispluginsdev/sec_interp/logs/sec_interp_debug.log
2025-12-25 23:06:56 | DEBUG    | SecInterp.sec_interp.core.utils.geometry_utils.filtering | get_logger:117 | Thread-128271970397120 | File logging initialized: /home/jmbernales/qgispluginsdev/sec_interp/logs/sec_interp_debug.log
2025-12-25 23:06:56 | DEBUG    | SecInterp.sec_interp.core.utils.geometry_utils.processing | get_logger:117 | Thread-128271970397120 | File logging initialized: /home/jmbernales/qgispluginsdev/sec_interp/logs/sec_interp_debug.log
2025-12-25 23:06:56 | DEBUG    | SecInterp.sec_interp.core.performance_metrics | get_logger:117 | Thread-128271970397120 | File logging initialized: /home/jmbernales/qgispluginsdev/sec_interp/logs/sec_interp_debug.log
2025-12-25 23:06:56 | DEBUG    | SecInterp.sec_interp.core.utils.sampling | get_logger:117 | Thread-128271970397120 | File logging initialized: /home/jmbernales/qgispluginsdev/sec_interp/logs/sec_interp_debug.log
2025-12-25 23:06:56 | DEBUG    | SecInterp.sec_interp.exporters.csv_exporter | get_logger:117 | Thread-128271970397120 | File logging initialized: /home/jmbernales/qgispluginsdev/sec_interp/logs/sec_interp_debug.log
2025-12-25 23:06:56 | DEBUG    | SecInterp.sec_interp.exporters.drillhole_exporters | get_logger:117 | Thread-128271970397120 | File logging initialized: /home/jmbernales/qgispluginsdev/sec_interp/logs/sec_interp_debug.log
2025-12-25 23:06:56 | DEBUG    | SecInterp.sec_interp.exporters.image_exporter | get_logger:117 | Thread-128271970397120 | File logging initialized: /home/jmbernales/qgispluginsdev/sec_interp/logs/sec_interp_debug.log
2025-12-25 23:06:56 | DEBUG    | SecInterp.sec_interp.exporters.pdf_exporter | get_logger:117 | Thread-128271970397120 | File logging initialized: /home/jmbernales/qgispluginsdev/sec_interp/logs/sec_interp_debug.log
2025-12-25 23:06:56 | DEBUG    | SecInterp.sec_interp.exporters.profile_exporters | get_logger:117 | Thread-128271970397120 | File logging initialized: /home/jmbernales/qgispluginsdev/sec_interp/logs/sec_interp_debug.log
2025-12-25 23:06:56 | DEBUG    | SecInterp.sec_interp.exporters.shp_exporter | get_logger:117 | Thread-128271970397120 | File logging initialized: /home/jmbernales/qgispluginsdev/sec_interp/logs/sec_interp_debug.log
2025-12-25 23:06:56 | DEBUG    | SecInterp.sec_interp.exporters.svg_exporter | get_logger:117 | Thread-128271970397120 | File logging initialized: /home/jmbernales/qgispluginsdev/sec_interp/logs/sec_interp_debug.log
2025-12-25 23:06:56 | DEBUG    | SecInterp.sec_interp.gui.utils | get_logger:117 | Thread-128271970397120 | File logging initialized: /home/jmbernales/qgispluginsdev/sec_interp/logs/sec_interp_debug.log
2025-12-25 23:06:56 | DEBUG    | SecInterp.sec_interp.gui.main_dialog | get_logger:117 | Thread-128271970397120 | File logging initialized: /home/jmbernales/qgispluginsdev/sec_interp/logs/sec_interp_debug.log
2025-12-25 23:06:56 | DEBUG    | SecInterp.sec_interp.gui.main_dialog_cache_handler | get_logger:117 | Thread-128271970397120 | File logging initialized: /home/jmbernales/qgispluginsdev/sec_interp/logs/sec_interp_debug.log
2025-12-25 23:06:56 | DEBUG    | SecInterp.sec_interp.core.services.drillhole_service | get_logger:117 | Thread-128271970397120 | File logging initialized: /home/jmbernales/qgispluginsdev/sec_interp/logs/sec_interp_debug.log
2025-12-25 23:06:56 | DEBUG    | SecInterp.sec_interp.core.utils.resource_manager | get_logger:117 | Thread-128271970397120 | File logging initialized: /home/jmbernales/qgispluginsdev/sec_interp/logs/sec_interp_debug.log
2025-12-25 23:06:56 | DEBUG    | SecInterp.sec_interp.core.services.geology_service | get_logger:117 | Thread-128271970397120 | File logging initialized: /home/jmbernales/qgispluginsdev/sec_interp/logs/sec_interp_debug.log
2025-12-25 23:06:56 | DEBUG    | SecInterp.sec_interp.core.services.interpretation_service | get_logger:117 | Thread-128271970397120 | File logging initialized: /home/jmbernales/qgispluginsdev/sec_interp/logs/sec_interp_debug.log
2025-12-25 23:06:56 | DEBUG    | SecInterp.sec_interp.core.services.profile_service | get_logger:117 | Thread-128271970397120 | File logging initialized: /home/jmbernales/qgispluginsdev/sec_interp/logs/sec_interp_debug.log
2025-12-25 23:06:56 | DEBUG    | SecInterp.sec_interp.core.services.structure_service | get_logger:117 | Thread-128271970397120 | File logging initialized: /home/jmbernales/qgispluginsdev/sec_interp/logs/sec_interp_debug.log
2025-12-25 23:06:56 | DEBUG    | SecInterp.sec_interp.core.services.export_service | get_logger:117 | Thread-128271970397120 | File logging initialized: /home/jmbernales/qgispluginsdev/sec_interp/logs/sec_interp_debug.log
2025-12-25 23:06:56 | DEBUG    | SecInterp.sec_interp.gui.main_dialog_export | get_logger:117 | Thread-128271970397120 | File logging initialized: /home/jmbernales/qgispluginsdev/sec_interp/logs/sec_interp_debug.log
2025-12-25 23:06:56 | DEBUG    | SecInterp.sec_interp.core.services.preview_service | get_logger:117 | Thread-128271970397120 | File logging initialized: /home/jmbernales/qgispluginsdev/sec_interp/logs/sec_interp_debug.log
2025-12-25 23:06:56 | DEBUG    | SecInterp.sec_interp.gui.parallel_geology | get_logger:117 | Thread-128271970397120 | File logging initialized: /home/jmbernales/qgispluginsdev/sec_interp/logs/sec_interp_debug.log
2025-12-25 23:06:56 | DEBUG    | SecInterp.sec_interp.gui.main_dialog_preview | get_logger:117 | Thread-128271970397120 | File logging initialized: /home/jmbernales/qgispluginsdev/sec_interp/logs/sec_interp_debug.log
2025-12-25 23:06:56 | DEBUG    | SecInterp.sec_interp.gui.main_dialog_signals | get_logger:117 | Thread-128271970397120 | File logging initialized: /home/jmbernales/qgispluginsdev/sec_interp/logs/sec_interp_debug.log
2025-12-25 23:06:56 | DEBUG    | SecInterp.sec_interp.gui.tools.interpretation_tool | get_logger:117 | Thread-128271970397120 | File logging initialized: /home/jmbernales/qgispluginsdev/sec_interp/logs/sec_interp_debug.log
2025-12-25 23:06:56 | DEBUG    | SecInterp.sec_interp.gui.tools.measure_tool | get_logger:117 | Thread-128271970397120 | File logging initialized: /home/jmbernales/qgispluginsdev/sec_interp/logs/sec_interp_debug.log
2025-12-25 23:06:56 | DEBUG    | SecInterp.sec_interp.gui.ui.pages.drillhole_page | get_logger:117 | Thread-128271970397120 | File logging initialized: /home/jmbernales/qgispluginsdev/sec_interp/logs/sec_interp_debug.log
2025-12-25 23:06:56 | DEBUG    | SecInterp.sec_interp.gui.preview_axes_manager | get_logger:117 | Thread-128271970397120 | File logging initialized: /home/jmbernales/qgispluginsdev/sec_interp/logs/sec_interp_debug.log
2025-12-25 23:06:56 | DEBUG    | SecInterp.sec_interp.gui.preview_optimizer | get_logger:117 | Thread-128271970397120 | File logging initialized: /home/jmbernales/qgispluginsdev/sec_interp/logs/sec_interp_debug.log
2025-12-25 23:06:56 | DEBUG    | SecInterp.sec_interp.gui.preview_layer_factory | get_logger:117 | Thread-128271970397120 | File logging initialized: /home/jmbernales/qgispluginsdev/sec_interp/logs/sec_interp_debug.log
2025-12-25 23:06:56 | DEBUG    | SecInterp.sec_interp.gui.preview_legend_renderer | get_logger:117 | Thread-128271970397120 | File logging initialized: /home/jmbernales/qgispluginsdev/sec_interp/logs/sec_interp_debug.log
2025-12-25 23:06:56 | DEBUG    | SecInterp.sec_interp.gui.preview_renderer | get_logger:117 | Thread-128271970397120 | File logging initialized: /home/jmbernales/qgispluginsdev/sec_interp/logs/sec_interp_debug.log
2025-12-25 23:10:40 | DEBUG    | SecInterp.sec_interp.core.utils.geometry_utils.filtering | get_logger:117 | Thread-131639046695872 | File logging initialized: /home/jmbernales/qgispluginsdev/sec_interp/logs/sec_interp_debug.log
2025-12-25 23:10:40 | DEBUG    | SecInterp.sec_interp.core.utils.geometry_utils.processing | get_logger:117 | Thread-131639046695872 | File logging initialized: /home/jmbernales/qgispluginsdev/sec_interp/logs/sec_interp_debug.log
2025-12-25 23:10:40 | DEBUG    | SecInterp.sec_interp.core.performance_metrics | get_logger:117 | Thread-131639046695872 | File logging initialized: /home/jmbernales/qgispluginsdev/sec_interp/logs/sec_interp_debug.log
2025-12-25 23:10:40 | DEBUG    | SecInterp.sec_interp.core.utils.sampling | get_logger:117 | Thread-131639046695872 | File logging initialized: /home/jmbernales/qgispluginsdev/sec_interp/logs/sec_interp_debug.log
2025-12-25 23:10:40 | DEBUG    | SecInterp.sec_interp.exporters.csv_exporter | get_logger:117 | Thread-131639046695872 | File logging initialized: /home/jmbernales/qgispluginsdev/sec_interp/logs/sec_interp_debug.log
2025-12-25 23:10:40 | DEBUG    | SecInterp.sec_interp.exporters.drillhole_exporters | get_logger:117 | Thread-131639046695872 | File logging initialized: /home/jmbernales/qgispluginsdev/sec_interp/logs/sec_interp_debug.log
2025-12-25 23:10:40 | DEBUG    | SecInterp.sec_interp.exporters.image_exporter | get_logger:117 | Thread-131639046695872 | File logging initialized: /home/jmbernales/qgispluginsdev/sec_interp/logs/sec_interp_debug.log
2025-12-25 23:10:40 | DEBUG    | SecInterp.sec_interp.exporters.pdf_exporter | get_logger:117 | Thread-131639046695872 | File logging initialized: /home/jmbernales/qgispluginsdev/sec_interp/logs/sec_interp_debug.log
2025-12-25 23:10:40 | DEBUG    | SecInterp.sec_interp.exporters.profile_exporters | get_logger:117 | Thread-131639046695872 | File logging initialized: /home/jmbernales/qgispluginsdev/sec_interp/logs/sec_interp_debug.log
2025-12-25 23:10:40 | DEBUG    | SecInterp.sec_interp.exporters.shp_exporter | get_logger:117 | Thread-131639046695872 | File logging initialized: /home/jmbernales/qgispluginsdev/sec_interp/logs/sec_interp_debug.log
2025-12-25 23:10:40 | DEBUG    | SecInterp.sec_interp.exporters.svg_exporter | get_logger:117 | Thread-131639046695872 | File logging initialized: /home/jmbernales/qgispluginsdev/sec_interp/logs/sec_interp_debug.log
2025-12-25 23:10:40 | DEBUG    | SecInterp.sec_interp.gui.utils | get_logger:117 | Thread-131639046695872 | File logging initialized: /home/jmbernales/qgispluginsdev/sec_interp/logs/sec_interp_debug.log
2025-12-25 23:10:40 | DEBUG    | SecInterp.sec_interp.gui.main_dialog | get_logger:117 | Thread-131639046695872 | File logging initialized: /home/jmbernales/qgispluginsdev/sec_interp/logs/sec_interp_debug.log
2025-12-25 23:10:40 | DEBUG    | SecInterp.sec_interp.gui.main_dialog_cache_handler | get_logger:117 | Thread-131639046695872 | File logging initialized: /home/jmbernales/qgispluginsdev/sec_interp/logs/sec_interp_debug.log
2025-12-25 23:10:40 | DEBUG    | SecInterp.sec_interp.core.services.drillhole_service | get_logger:117 | Thread-131639046695872 | File logging initialized: /home/jmbernales/qgispluginsdev/sec_interp/logs/sec_interp_debug.log
2025-12-25 23:10:40 | DEBUG    | SecInterp.sec_interp.core.utils.resource_manager | get_logger:117 | Thread-131639046695872 | File logging initialized: /home/jmbernales/qgispluginsdev/sec_interp/logs/sec_interp_debug.log
2025-12-25 23:10:40 | DEBUG    | SecInterp.sec_interp.core.services.geology_service | get_logger:117 | Thread-131639046695872 | File logging initialized: /home/jmbernales/qgispluginsdev/sec_interp/logs/sec_interp_debug.log
2025-12-25 23:10:40 | DEBUG    | SecInterp.sec_interp.core.services.interpretation_service | get_logger:117 | Thread-131639046695872 | File logging initialized: /home/jmbernales/qgispluginsdev/sec_interp/logs/sec_interp_debug.log
2025-12-25 23:10:40 | DEBUG    | SecInterp.sec_interp.core.services.profile_service | get_logger:117 | Thread-131639046695872 | File logging initialized: /home/jmbernales/qgispluginsdev/sec_interp/logs/sec_interp_debug.log
2025-12-25 23:10:40 | DEBUG    | SecInterp.sec_interp.core.services.structure_service | get_logger:117 | Thread-131639046695872 | File logging initialized: /home/jmbernales/qgispluginsdev/sec_interp/logs/sec_interp_debug.log
2025-12-25 23:10:40 | DEBUG    | SecInterp.sec_interp.core.services.export_service | get_logger:117 | Thread-131639046695872 | File logging initialized: /home/jmbernales/qgispluginsdev/sec_interp/logs/sec_interp_debug.log
2025-12-25 23:10:40 | DEBUG    | SecInterp.sec_interp.gui.main_dialog_export | get_logger:117 | Thread-131639046695872 | File logging initialized: /home/jmbernales/qgispluginsdev/sec_interp/logs/sec_interp_debug.log
2025-12-25 23:10:40 | DEBUG    | SecInterp.sec_interp.core.services.preview_service | get_logger:117 | Thread-131639046695872 | File logging initialized: /home/jmbernales/qgispluginsdev/sec_interp/logs/sec_interp_debug.log
2025-12-25 23:10:40 | DEBUG    | SecInterp.sec_interp.gui.parallel_geology | get_logger:117 | Thread-131639046695872 | File logging initialized: /home/jmbernales/qgispluginsdev/sec_interp/logs/sec_interp_debug.log
2025-12-25 23:10:40 | DEBUG    | SecInterp.sec_interp.gui.main_dialog_preview | get_logger:117 | Thread-131639046695872 | File logging initialized: /home/jmbernales/qgispluginsdev/sec_interp/logs/sec_interp_debug.log
2025-12-25 23:10:40 | DEBUG    | SecInterp.sec_interp.gui.main_dialog_signals | get_logger:117 | Thread-131639046695872 | File logging initialized: /home/jmbernales/qgispluginsdev/sec_interp/logs/sec_interp_debug.log
2025-12-25 23:10:40 | DEBUG    | SecInterp.sec_interp.gui.tools.interpretation_tool | get_logger:117 | Thread-131639046695872 | File logging initialized: /home/jmbernales/qgispluginsdev/sec_interp/logs/sec_interp_debug.log
2025-12-25 23:10:40 | DEBUG    | SecInterp.sec_interp.gui.tools.measure_tool | get_logger:117 | Thread-131639046695872 | File logging initialized: /home/jmbernales/qgispluginsdev/sec_interp/logs/sec_interp_debug.log
2025-12-25 23:10:40 | DEBUG    | SecInterp.sec_interp.gui.ui.pages.drillhole_page | get_logger:117 | Thread-131639046695872 | File logging initialized: /home/jmbernales/qgispluginsdev/sec_interp/logs/sec_interp_debug.log
2025-12-25 23:10:40 | DEBUG    | SecInterp.sec_interp.gui.preview_axes_manager | get_logger:117 | Thread-131639046695872 | File logging initialized: /home/jmbernales/qgispluginsdev/sec_interp/logs/sec_interp_debug.log
2025-12-25 23:10:40 | DEBUG    | SecInterp.sec_interp.gui.preview_optimizer | get_logger:117 | Thread-131639046695872 | File logging initialized: /home/jmbernales/qgispluginsdev/sec_interp/logs/sec_interp_debug.log
2025-12-25 23:10:40 | DEBUG    | SecInterp.sec_interp.gui.preview_layer_factory | get_logger:117 | Thread-131639046695872 | File logging initialized: /home/jmbernales/qgispluginsdev/sec_interp/logs/sec_interp_debug.log
2025-12-25 23:10:40 | DEBUG    | SecInterp.sec_interp.gui.preview_legend_renderer | get_logger:117 | Thread-131639046695872 | File logging initialized: /home/jmbernales/qgispluginsdev/sec_interp/logs/sec_interp_debug.log
2025-12-25 23:10:40 | DEBUG    | SecInterp.sec_interp.gui.preview_renderer | get_logger:117 | Thread-131639046695872 | File logging initialized: /home/jmbernales/qgispluginsdev/sec_interp/logs/sec_interp_debug.log
2025-12-25 23:10:41 | DEBUG    | SecInterp.sec_interp.core.config | get_logger:117 | Thread-131639046695872 | File logging initialized: /home/jmbernales/qgispluginsdev/sec_interp/logs/sec_interp_debug.log
2025-12-25 23:10:41 | DEBUG    | SecInterp.sec_interp.core.data_cache | get_logger:117 | Thread-131639046695872 | File logging initialized: /home/jmbernales/qgispluginsdev/sec_interp/logs/sec_interp_debug.log
2025-12-25 23:10:41 | DEBUG    | SecInterp.sec_interp.core.controller | get_logger:117 | Thread-131639046695872 | File logging initialized: /home/jmbernales/qgispluginsdev/sec_interp/logs/sec_interp_debug.log
2025-12-25 23:10:41 | DEBUG    | SecInterp.sec_interp.sec_interp_plugin | get_logger:117 | Thread-131639046695872 | File logging initialized: /home/jmbernales/qgispluginsdev/sec_interp/logs/sec_interp_debug.log
2025-12-25 23:20:55 | DEBUG    | SecInterp.sec_interp.core.utils.geometry_utils.filtering | get_logger:117 | Thread-128573825739712 | File logging initialized: /home/jmbernales/qgispluginsdev/sec_interp/logs/sec_interp_debug.log
2025-12-25 23:20:55 | DEBUG    | SecInterp.sec_interp.core.utils.geometry_utils.processing | get_logger:117 | Thread-128573825739712 | File logging initialized: /home/jmbernales/qgispluginsdev/sec_interp/logs/sec_interp_debug.log
2025-12-25 23:20:55 | DEBUG    | SecInterp.sec_interp.core.performance_metrics | get_logger:117 | Thread-128573825739712 | File logging initialized: /home/jmbernales/qgispluginsdev/sec_interp/logs/sec_interp_debug.log
2025-12-25 23:20:55 | DEBUG    | SecInterp.sec_interp.core.utils.sampling | get_logger:117 | Thread-128573825739712 | File logging initialized: /home/jmbernales/qgispluginsdev/sec_interp/logs/sec_interp_debug.log
2025-12-25 23:20:55 | DEBUG    | SecInterp.sec_interp.exporters.csv_exporter | get_logger:117 | Thread-128573825739712 | File logging initialized: /home/jmbernales/qgispluginsdev/sec_interp/logs/sec_interp_debug.log
2025-12-25 23:20:55 | DEBUG    | SecInterp.sec_interp.exporters.drillhole_exporters | get_logger:117 | Thread-128573825739712 | File logging initialized: /home/jmbernales/qgispluginsdev/sec_interp/logs/sec_interp_debug.log
2025-12-25 23:20:55 | DEBUG    | SecInterp.sec_interp.exporters.image_exporter | get_logger:117 | Thread-128573825739712 | File logging initialized: /home/jmbernales/qgispluginsdev/sec_interp/logs/sec_interp_debug.log
2025-12-25 23:20:55 | DEBUG    | SecInterp.sec_interp.exporters.pdf_exporter | get_logger:117 | Thread-128573825739712 | File logging initialized: /home/jmbernales/qgispluginsdev/sec_interp/logs/sec_interp_debug.log
2025-12-25 23:20:55 | DEBUG    | SecInterp.sec_interp.exporters.profile_exporters | get_logger:117 | Thread-128573825739712 | File logging initialized: /home/jmbernales/qgispluginsdev/sec_interp/logs/sec_interp_debug.log
2025-12-25 23:20:55 | DEBUG    | SecInterp.sec_interp.exporters.shp_exporter | get_logger:117 | Thread-128573825739712 | File logging initialized: /home/jmbernales/qgispluginsdev/sec_interp/logs/sec_interp_debug.log
2025-12-25 23:20:55 | DEBUG    | SecInterp.sec_interp.exporters.svg_exporter | get_logger:117 | Thread-128573825739712 | File logging initialized: /home/jmbernales/qgispluginsdev/sec_interp/logs/sec_interp_debug.log
2025-12-25 23:20:55 | DEBUG    | SecInterp.sec_interp.gui.utils | get_logger:117 | Thread-128573825739712 | File logging initialized: /home/jmbernales/qgispluginsdev/sec_interp/logs/sec_interp_debug.log
2025-12-25 23:20:55 | DEBUG    | SecInterp.sec_interp.gui.main_dialog | get_logger:117 | Thread-128573825739712 | File logging initialized: /home/jmbernales/qgispluginsdev/sec_interp/logs/sec_interp_debug.log
2025-12-25 23:20:55 | DEBUG    | SecInterp.sec_interp.gui.main_dialog_cache_handler | get_logger:117 | Thread-128573825739712 | File logging initialized: /home/jmbernales/qgispluginsdev/sec_interp/logs/sec_interp_debug.log
2025-12-25 23:20:55 | DEBUG    | SecInterp.sec_interp.core.services.drillhole_service | get_logger:117 | Thread-128573825739712 | File logging initialized: /home/jmbernales/qgispluginsdev/sec_interp/logs/sec_interp_debug.log
2025-12-25 23:20:55 | DEBUG    | SecInterp.sec_interp.core.utils.resource_manager | get_logger:117 | Thread-128573825739712 | File logging initialized: /home/jmbernales/qgispluginsdev/sec_interp/logs/sec_interp_debug.log
2025-12-25 23:20:55 | DEBUG    | SecInterp.sec_interp.core.services.geology_service | get_logger:117 | Thread-128573825739712 | File logging initialized: /home/jmbernales/qgispluginsdev/sec_interp/logs/sec_interp_debug.log
2025-12-25 23:20:55 | DEBUG    | SecInterp.sec_interp.core.services.interpretation_service | get_logger:117 | Thread-128573825739712 | File logging initialized: /home/jmbernales/qgispluginsdev/sec_interp/logs/sec_interp_debug.log
2025-12-25 23:20:55 | DEBUG    | SecInterp.sec_interp.core.services.profile_service | get_logger:117 | Thread-128573825739712 | File logging initialized: /home/jmbernales/qgispluginsdev/sec_interp/logs/sec_interp_debug.log
2025-12-25 23:20:55 | DEBUG    | SecInterp.sec_interp.core.services.structure_service | get_logger:117 | Thread-128573825739712 | File logging initialized: /home/jmbernales/qgispluginsdev/sec_interp/logs/sec_interp_debug.log
2025-12-25 23:20:55 | DEBUG    | SecInterp.sec_interp.core.services.export_service | get_logger:117 | Thread-128573825739712 | File logging initialized: /home/jmbernales/qgispluginsdev/sec_interp/logs/sec_interp_debug.log
2025-12-25 23:20:55 | DEBUG    | SecInterp.sec_interp.gui.main_dialog_export | get_logger:117 | Thread-128573825739712 | File logging initialized: /home/jmbernales/qgispluginsdev/sec_interp/logs/sec_interp_debug.log
2025-12-25 23:20:55 | DEBUG    | SecInterp.sec_interp.core.services.preview_service | get_logger:117 | Thread-128573825739712 | File logging initialized: /home/jmbernales/qgispluginsdev/sec_interp/logs/sec_interp_debug.log
2025-12-25 23:20:55 | DEBUG    | SecInterp.sec_interp.gui.parallel_geology | get_logger:117 | Thread-128573825739712 | File logging initialized: /home/jmbernales/qgispluginsdev/sec_interp/logs/sec_interp_debug.log
2025-12-25 23:20:55 | DEBUG    | SecInterp.sec_interp.gui.main_dialog_preview | get_logger:117 | Thread-128573825739712 | File logging initialized: /home/jmbernales/qgispluginsdev/sec_interp/logs/sec_interp_debug.log
2025-12-25 23:20:55 | DEBUG    | SecInterp.sec_interp.gui.main_dialog_signals | get_logger:117 | Thread-128573825739712 | File logging initialized: /home/jmbernales/qgispluginsdev/sec_interp/logs/sec_interp_debug.log
2025-12-25 23:20:55 | DEBUG    | SecInterp.sec_interp.gui.tools.interpretation_tool | get_logger:117 | Thread-128573825739712 | File logging initialized: /home/jmbernales/qgispluginsdev/sec_interp/logs/sec_interp_debug.log
2025-12-25 23:20:55 | DEBUG    | SecInterp.sec_interp.gui.tools.measure_tool | get_logger:117 | Thread-128573825739712 | File logging initialized: /home/jmbernales/qgispluginsdev/sec_interp/logs/sec_interp_debug.log
2025-12-25 23:20:55 | DEBUG    | SecInterp.sec_interp.gui.ui.pages.drillhole_page | get_logger:117 | Thread-128573825739712 | File logging initialized: /home/jmbernales/qgispluginsdev/sec_interp/logs/sec_interp_debug.log
2025-12-25 23:20:55 | DEBUG    | SecInterp.sec_interp.gui.preview_axes_manager | get_logger:117 | Thread-128573825739712 | File logging initialized: /home/jmbernales/qgispluginsdev/sec_interp/logs/sec_interp_debug.log
2025-12-25 23:20:55 | DEBUG    | SecInterp.sec_interp.gui.preview_optimizer | get_logger:117 | Thread-128573825739712 | File logging initialized: /home/jmbernales/qgispluginsdev/sec_interp/logs/sec_interp_debug.log
2025-12-25 23:20:55 | DEBUG    | SecInterp.sec_interp.gui.preview_layer_factory | get_logger:117 | Thread-128573825739712 | File logging initialized: /home/jmbernales/qgispluginsdev/sec_interp/logs/sec_interp_debug.log
2025-12-25 23:20:55 | DEBUG    | SecInterp.sec_interp.gui.preview_legend_renderer | get_logger:117 | Thread-128573825739712 | File logging initialized: /home/jmbernales/qgispluginsdev/sec_interp/logs/sec_interp_debug.log
2025-12-25 23:20:55 | DEBUG    | SecInterp.sec_interp.gui.preview_renderer | get_logger:117 | Thread-128573825739712 | File logging initialized: /home/jmbernales/qgispluginsdev/sec_interp/logs/sec_interp_debug.log
2025-12-25 23:26:59 | DEBUG    | SecInterp.sec_interp.core.utils.geometry_utils.filtering | get_logger:117 | Thread-136004315532224 | File logging initialized: /home/jmbernales/qgispluginsdev/sec_interp/logs/sec_interp_debug.log
2025-12-25 23:26:59 | DEBUG    | SecInterp.sec_interp.core.utils.geometry_utils.processing | get_logger:117 | Thread-136004315532224 | File logging initialized: /home/jmbernales/qgispluginsdev/sec_interp/logs/sec_interp_debug.log
2025-12-25 23:26:59 | DEBUG    | SecInterp.sec_interp.core.performance_metrics | get_logger:117 | Thread-136004315532224 | File logging initialized: /home/jmbernales/qgispluginsdev/sec_interp/logs/sec_interp_debug.log
2025-12-25 23:26:59 | DEBUG    | SecInterp.sec_interp.core.utils.sampling | get_logger:117 | Thread-136004315532224 | File logging initialized: /home/jmbernales/qgispluginsdev/sec_interp/logs/sec_interp_debug.log
2025-12-25 23:26:59 | DEBUG    | SecInterp.sec_interp.exporters.csv_exporter | get_logger:117 | Thread-136004315532224 | File logging initialized: /home/jmbernales/qgispluginsdev/sec_interp/logs/sec_interp_debug.log
2025-12-25 23:26:59 | DEBUG    | SecInterp.sec_interp.exporters.drillhole_exporters | get_logger:117 | Thread-136004315532224 | File logging initialized: /home/jmbernales/qgispluginsdev/sec_interp/logs/sec_interp_debug.log
2025-12-25 23:26:59 | DEBUG    | SecInterp.sec_interp.exporters.image_exporter | get_logger:117 | Thread-136004315532224 | File logging initialized: /home/jmbernales/qgispluginsdev/sec_interp/logs/sec_interp_debug.log
2025-12-25 23:26:59 | DEBUG    | SecInterp.sec_interp.exporters.pdf_exporter | get_logger:117 | Thread-136004315532224 | File logging initialized: /home/jmbernales/qgispluginsdev/sec_interp/logs/sec_interp_debug.log
2025-12-25 23:26:59 | DEBUG    | SecInterp.sec_interp.exporters.profile_exporters | get_logger:117 | Thread-136004315532224 | File logging initialized: /home/jmbernales/qgispluginsdev/sec_interp/logs/sec_interp_debug.log
2025-12-25 23:26:59 | DEBUG    | SecInterp.sec_interp.exporters.shp_exporter | get_logger:117 | Thread-136004315532224 | File logging initialized: /home/jmbernales/qgispluginsdev/sec_interp/logs/sec_interp_debug.log
2025-12-25 23:26:59 | DEBUG    | SecInterp.sec_interp.exporters.svg_exporter | get_logger:117 | Thread-136004315532224 | File logging initialized: /home/jmbernales/qgispluginsdev/sec_interp/logs/sec_interp_debug.log
2025-12-25 23:26:59 | DEBUG    | SecInterp.sec_interp.gui.utils | get_logger:117 | Thread-136004315532224 | File logging initialized: /home/jmbernales/qgispluginsdev/sec_interp/logs/sec_interp_debug.log
2025-12-25 23:26:59 | DEBUG    | SecInterp.sec_interp.gui.main_dialog | get_logger:117 | Thread-136004315532224 | File logging initialized: /home/jmbernales/qgispluginsdev/sec_interp/logs/sec_interp_debug.log
2025-12-25 23:26:59 | DEBUG    | SecInterp.sec_interp.gui.main_dialog_cache_handler | get_logger:117 | Thread-136004315532224 | File logging initialized: /home/jmbernales/qgispluginsdev/sec_interp/logs/sec_interp_debug.log
2025-12-25 23:26:59 | DEBUG    | SecInterp.sec_interp.core.services.drillhole_service | get_logger:117 | Thread-136004315532224 | File logging initialized: /home/jmbernales/qgispluginsdev/sec_interp/logs/sec_interp_debug.log
2025-12-25 23:26:59 | DEBUG    | SecInterp.sec_interp.core.utils.resource_manager | get_logger:117 | Thread-136004315532224 | File logging initialized: /home/jmbernales/qgispluginsdev/sec_interp/logs/sec_interp_debug.log
2025-12-25 23:26:59 | DEBUG    | SecInterp.sec_interp.core.services.geology_service | get_logger:117 | Thread-136004315532224 | File logging initialized: /home/jmbernales/qgispluginsdev/sec_interp/logs/sec_interp_debug.log
2025-12-25 23:26:59 | DEBUG    | SecInterp.sec_interp.core.services.interpretation_service | get_logger:117 | Thread-136004315532224 | File logging initialized: /home/jmbernales/qgispluginsdev/sec_interp/logs/sec_interp_debug.log
2025-12-25 23:26:59 | DEBUG    | SecInterp.sec_interp.core.services.profile_service | get_logger:117 | Thread-136004315532224 | File logging initialized: /home/jmbernales/qgispluginsdev/sec_interp/logs/sec_interp_debug.log
2025-12-25 23:26:59 | DEBUG    | SecInterp.sec_interp.core.services.structure_service | get_logger:117 | Thread-136004315532224 | File logging initialized: /home/jmbernales/qgispluginsdev/sec_interp/logs/sec_interp_debug.log
2025-12-25 23:26:59 | DEBUG    | SecInterp.sec_interp.core.services.export_service | get_logger:117 | Thread-136004315532224 | File logging initialized: /home/jmbernales/qgispluginsdev/sec_interp/logs/sec_interp_debug.log
2025-12-25 23:26:59 | DEBUG    | SecInterp.sec_interp.gui.main_dialog_export | get_logger:117 | Thread-136004315532224 | File logging initialized: /home/jmbernales/qgispluginsdev/sec_interp/logs/sec_interp_debug.log
2025-12-25 23:26:59 | DEBUG    | SecInterp.sec_interp.core.services.preview_service | get_logger:117 | Thread-136004315532224 | File logging initialized: /home/jmbernales/qgispluginsdev/sec_interp/logs/sec_interp_debug.log
2025-12-25 23:26:59 | DEBUG    | SecInterp.sec_interp.gui.parallel_geology | get_logger:117 | Thread-136004315532224 | File logging initialized: /home/jmbernales/qgispluginsdev/sec_interp/logs/sec_interp_debug.log
2025-12-25 23:26:59 | DEBUG    | SecInterp.sec_interp.gui.main_dialog_preview | get_logger:117 | Thread-136004315532224 | File logging initialized: /home/jmbernales/qgispluginsdev/sec_interp/logs/sec_interp_debug.log
2025-12-25 23:26:59 | DEBUG    | SecInterp.sec_interp.gui.main_dialog_signals | get_logger:117 | Thread-136004315532224 | File logging initialized: /home/jmbernales/qgispluginsdev/sec_interp/logs/sec_interp_debug.log
2025-12-25 23:26:59 | DEBUG    | SecInterp.sec_interp.gui.tools.interpretation_tool | get_logger:117 | Thread-136004315532224 | File logging initialized: /home/jmbernales/qgispluginsdev/sec_interp/logs/sec_interp_debug.log
2025-12-25 23:26:59 | DEBUG    | SecInterp.sec_interp.gui.tools.measure_tool | get_logger:117 | Thread-136004315532224 | File logging initialized: /home/jmbernales/qgispluginsdev/sec_interp/logs/sec_interp_debug.log
2025-12-25 23:26:59 | DEBUG    | SecInterp.sec_interp.gui.ui.pages.drillhole_page | get_logger:117 | Thread-136004315532224 | File logging initialized: /home/jmbernales/qgispluginsdev/sec_interp/logs/sec_interp_debug.log
2025-12-25 23:26:59 | DEBUG    | SecInterp.sec_interp.gui.preview_axes_manager | get_logger:117 | Thread-136004315532224 | File logging initialized: /home/jmbernales/qgispluginsdev/sec_interp/logs/sec_interp_debug.log
2025-12-25 23:26:59 | DEBUG    | SecInterp.sec_interp.gui.preview_optimizer | get_logger:117 | Thread-136004315532224 | File logging initialized: /home/jmbernales/qgispluginsdev/sec_interp/logs/sec_interp_debug.log
2025-12-25 23:26:59 | DEBUG    | SecInterp.sec_interp.gui.preview_layer_factory | get_logger:117 | Thread-136004315532224 | File logging initialized: /home/jmbernales/qgispluginsdev/sec_interp/logs/sec_interp_debug.log
2025-12-25 23:26:59 | DEBUG    | SecInterp.sec_interp.gui.preview_legend_renderer | get_logger:117 | Thread-136004315532224 | File logging initialized: /home/jmbernales/qgispluginsdev/sec_interp/logs/sec_interp_debug.log
2025-12-25 23:26:59 | DEBUG    | SecInterp.sec_interp.gui.preview_renderer | get_logger:117 | Thread-136004315532224 | File logging initialized: /home/jmbernales/qgispluginsdev/sec_interp/logs/sec_interp_debug.log
2025-12-25 23:27:00 | DEBUG    | SecInterp.sec_interp.core.config | get_logger:117 | Thread-136004315532224 | File logging initialized: /home/jmbernales/qgispluginsdev/sec_interp/logs/sec_interp_debug.log
2025-12-25 23:27:00 | DEBUG    | SecInterp.sec_interp.core.data_cache | get_logger:117 | Thread-136004315532224 | File logging initialized: /home/jmbernales/qgispluginsdev/sec_interp/logs/sec_interp_debug.log
2025-12-25 23:27:00 | DEBUG    | SecInterp.sec_interp.core.controller | get_logger:117 | Thread-136004315532224 | File logging initialized: /home/jmbernales/qgispluginsdev/sec_interp/logs/sec_interp_debug.log
2025-12-25 23:27:00 | DEBUG    | SecInterp.sec_interp.sec_interp_plugin | get_logger:117 | Thread-136004315532224 | File logging initialized: /home/jmbernales/qgispluginsdev/sec_interp/logs/sec_interp_debug.log
2025-12-25 23:32:10 | DEBUG    | SecInterp.sec_interp.core.utils.geometry_utils.filtering | get_logger:117 | Thread-125455389109184 | File logging initialized: /home/jmbernales/qgispluginsdev/sec_interp/logs/sec_interp_debug.log
2025-12-25 23:32:10 | DEBUG    | SecInterp.sec_interp.core.utils.geometry_utils.processing | get_logger:117 | Thread-125455389109184 | File logging initialized: /home/jmbernales/qgispluginsdev/sec_interp/logs/sec_interp_debug.log
2025-12-25 23:32:10 | DEBUG    | SecInterp.sec_interp.core.performance_metrics | get_logger:117 | Thread-125455389109184 | File logging initialized: /home/jmbernales/qgispluginsdev/sec_interp/logs/sec_interp_debug.log
2025-12-25 23:32:10 | DEBUG    | SecInterp.sec_interp.core.utils.sampling | get_logger:117 | Thread-125455389109184 | File logging initialized: /home/jmbernales/qgispluginsdev/sec_interp/logs/sec_interp_debug.log
2025-12-25 23:32:10 | DEBUG    | SecInterp.sec_interp.exporters.csv_exporter | get_logger:117 | Thread-125455389109184 | File logging initialized: /home/jmbernales/qgispluginsdev/sec_interp/logs/sec_interp_debug.log
2025-12-25 23:32:10 | DEBUG    | SecInterp.sec_interp.exporters.drillhole_exporters | get_logger:117 | Thread-125455389109184 | File logging initialized: /home/jmbernales/qgispluginsdev/sec_interp/logs/sec_interp_debug.log
2025-12-25 23:32:10 | DEBUG    | SecInterp.sec_interp.exporters.image_exporter | get_logger:117 | Thread-125455389109184 | File logging initialized: /home/jmbernales/qgispluginsdev/sec_interp/logs/sec_interp_debug.log
2025-12-25 23:32:10 | DEBUG    | SecInterp.sec_interp.exporters.pdf_exporter | get_logger:117 | Thread-125455389109184 | File logging initialized: /home/jmbernales/qgispluginsdev/sec_interp/logs/sec_interp_debug.log
2025-12-25 23:32:10 | DEBUG    | SecInterp.sec_interp.exporters.profile_exporters | get_logger:117 | Thread-125455389109184 | File logging initialized: /home/jmbernales/qgispluginsdev/sec_interp/logs/sec_interp_debug.log
2025-12-25 23:32:10 | DEBUG    | SecInterp.sec_interp.exporters.shp_exporter | get_logger:117 | Thread-125455389109184 | File logging initialized: /home/jmbernales/qgispluginsdev/sec_interp/logs/sec_interp_debug.log
2025-12-25 23:32:10 | DEBUG    | SecInterp.sec_interp.exporters.svg_exporter | get_logger:117 | Thread-125455389109184 | File logging initialized: /home/jmbernales/qgispluginsdev/sec_interp/logs/sec_interp_debug.log
2025-12-25 23:32:10 | DEBUG    | SecInterp.sec_interp.gui.utils | get_logger:117 | Thread-125455389109184 | File logging initialized: /home/jmbernales/qgispluginsdev/sec_interp/logs/sec_interp_debug.log
2025-12-25 23:32:10 | DEBUG    | SecInterp.sec_interp.gui.main_dialog | get_logger:117 | Thread-125455389109184 | File logging initialized: /home/jmbernales/qgispluginsdev/sec_interp/logs/sec_interp_debug.log
2025-12-25 23:32:10 | DEBUG    | SecInterp.sec_interp.gui.main_dialog_cache_handler | get_logger:117 | Thread-125455389109184 | File logging initialized: /home/jmbernales/qgispluginsdev/sec_interp/logs/sec_interp_debug.log
2025-12-25 23:32:10 | DEBUG    | SecInterp.sec_interp.core.services.drillhole_service | get_logger:117 | Thread-125455389109184 | File logging initialized: /home/jmbernales/qgispluginsdev/sec_interp/logs/sec_interp_debug.log
2025-12-25 23:32:10 | DEBUG    | SecInterp.sec_interp.core.utils.resource_manager | get_logger:117 | Thread-125455389109184 | File logging initialized: /home/jmbernales/qgispluginsdev/sec_interp/logs/sec_interp_debug.log
2025-12-25 23:32:10 | DEBUG    | SecInterp.sec_interp.core.services.geology_service | get_logger:117 | Thread-125455389109184 | File logging initialized: /home/jmbernales/qgispluginsdev/sec_interp/logs/sec_interp_debug.log
2025-12-25 23:32:10 | DEBUG    | SecInterp.sec_interp.core.services.interpretation_service | get_logger:117 | Thread-125455389109184 | File logging initialized: /home/jmbernales/qgispluginsdev/sec_interp/logs/sec_interp_debug.log
2025-12-25 23:32:10 | DEBUG    | SecInterp.sec_interp.core.services.profile_service | get_logger:117 | Thread-125455389109184 | File logging initialized: /home/jmbernales/qgispluginsdev/sec_interp/logs/sec_interp_debug.log
2025-12-25 23:32:10 | DEBUG    | SecInterp.sec_interp.core.services.structure_service | get_logger:117 | Thread-125455389109184 | File logging initialized: /home/jmbernales/qgispluginsdev/sec_interp/logs/sec_interp_debug.log
2025-12-25 23:32:10 | DEBUG    | SecInterp.sec_interp.core.services.export_service | get_logger:117 | Thread-125455389109184 | File logging initialized: /home/jmbernales/qgispluginsdev/sec_interp/logs/sec_interp_debug.log
2025-12-25 23:32:10 | DEBUG    | SecInterp.sec_interp.gui.main_dialog_export | get_logger:117 | Thread-125455389109184 | File logging initialized: /home/jmbernales/qgispluginsdev/sec_interp/logs/sec_interp_debug.log
2025-12-25 23:32:10 | DEBUG    | SecInterp.sec_interp.core.services.preview_service | get_logger:117 | Thread-125455389109184 | File logging initialized: /home/jmbernales/qgispluginsdev/sec_interp/logs/sec_interp_debug.log
2025-12-25 23:32:10 | DEBUG    | SecInterp.sec_interp.gui.parallel_geology | get_logger:117 | Thread-125455389109184 | File logging initialized: /home/jmbernales/qgispluginsdev/sec_interp/logs/sec_interp_debug.log
2025-12-25 23:32:10 | DEBUG    | SecInterp.sec_interp.gui.main_dialog_preview | get_logger:117 | Thread-125455389109184 | File logging initialized: /home/jmbernales/qgispluginsdev/sec_interp/logs/sec_interp_debug.log
2025-12-25 23:32:10 | DEBUG    | SecInterp.sec_interp.gui.main_dialog_signals | get_logger:117 | Thread-125455389109184 | File logging initialized: /home/jmbernales/qgispluginsdev/sec_interp/logs/sec_interp_debug.log
2025-12-25 23:32:10 | DEBUG    | SecInterp.sec_interp.gui.tools.interpretation_tool | get_logger:117 | Thread-125455389109184 | File logging initialized: /home/jmbernales/qgispluginsdev/sec_interp/logs/sec_interp_debug.log
2025-12-25 23:32:10 | DEBUG    | SecInterp.sec_interp.gui.tools.measure_tool | get_logger:117 | Thread-125455389109184 | File logging initialized: /home/jmbernales/qgispluginsdev/sec_interp/logs/sec_interp_debug.log
2025-12-25 23:32:10 | DEBUG    | SecInterp.sec_interp.gui.ui.pages.drillhole_page | get_logger:117 | Thread-125455389109184 | File logging initialized: /home/jmbernales/qgispluginsdev/sec_interp/logs/sec_interp_debug.log
2025-12-25 23:32:10 | DEBUG    | SecInterp.sec_interp.gui.preview_axes_manager | get_logger:117 | Thread-125455389109184 | File logging initialized: /home/jmbernales/qgispluginsdev/sec_interp/logs/sec_interp_debug.log
2025-12-25 23:32:10 | DEBUG    | SecInterp.sec_interp.gui.preview_optimizer | get_logger:117 | Thread-125455389109184 | File logging initialized: /home/jmbernales/qgispluginsdev/sec_interp/logs/sec_interp_debug.log
2025-12-25 23:32:10 | DEBUG    | SecInterp.sec_interp.gui.preview_layer_factory | get_logger:117 | Thread-125455389109184 | File logging initialized: /home/jmbernales/qgispluginsdev/sec_interp/logs/sec_interp_debug.log
2025-12-25 23:32:10 | DEBUG    | SecInterp.sec_interp.gui.preview_legend_renderer | get_logger:117 | Thread-125455389109184 | File logging initialized: /home/jmbernales/qgispluginsdev/sec_interp/logs/sec_interp_debug.log
2025-12-25 23:32:10 | DEBUG    | SecInterp.sec_interp.gui.preview_renderer | get_logger:117 | Thread-125455389109184 | File logging initialized: /home/jmbernales/qgispluginsdev/sec_interp/logs/sec_interp_debug.log
2025-12-26 20:28:21 | DEBUG    | SecInterp.sec_interp.core.config | get_logger:118 | Thread-124004870224832 | File logging initialized: /home/jmbernales/qgispluginsdev/sec_interp/logs/sec_interp_debug.log
2025-12-26 20:28:21 | DEBUG    | SecInterp.sec_interp.core.utils.geometry_utils.filtering | get_logger:118 | Thread-124004870224832 | File logging initialized: /home/jmbernales/qgispluginsdev/sec_interp/logs/sec_interp_debug.log
2025-12-26 20:28:21 | DEBUG    | SecInterp.sec_interp.core.utils.geometry_utils.processing | get_logger:118 | Thread-124004870224832 | File logging initialized: /home/jmbernales/qgispluginsdev/sec_interp/logs/sec_interp_debug.log
2025-12-26 20:28:21 | DEBUG    | SecInterp.sec_interp.core.performance_metrics | get_logger:118 | Thread-124004870224832 | File logging initialized: /home/jmbernales/qgispluginsdev/sec_interp/logs/sec_interp_debug.log
2025-12-26 20:28:21 | DEBUG    | SecInterp.sec_interp.core.utils.sampling | get_logger:118 | Thread-124004870224832 | File logging initialized: /home/jmbernales/qgispluginsdev/sec_interp/logs/sec_interp_debug.log
2025-12-26 20:28:21 | DEBUG    | SecInterp.sec_interp.core.data_cache | get_logger:118 | Thread-124004870224832 | File logging initialized: /home/jmbernales/qgispluginsdev/sec_interp/logs/sec_interp_debug.log
2025-12-26 20:28:21 | DEBUG    | SecInterp.sec_interp.core.services.drillhole_service | get_logger:118 | Thread-124004870224832 | File logging initialized: /home/jmbernales/qgispluginsdev/sec_interp/logs/sec_interp_debug.log
2025-12-26 20:28:21 | DEBUG    | SecInterp.sec_interp.core.utils.resource_manager | get_logger:118 | Thread-124004870224832 | File logging initialized: /home/jmbernales/qgispluginsdev/sec_interp/logs/sec_interp_debug.log
2025-12-26 20:28:21 | DEBUG    | SecInterp.sec_interp.core.services.geology_service | get_logger:118 | Thread-124004870224832 | File logging initialized: /home/jmbernales/qgispluginsdev/sec_interp/logs/sec_interp_debug.log
2025-12-26 20:28:21 | DEBUG    | SecInterp.sec_interp.core.services.interpretation_service | get_logger:118 | Thread-124004870224832 | File logging initialized: /home/jmbernales/qgispluginsdev/sec_interp/logs/sec_interp_debug.log
2025-12-26 20:28:21 | DEBUG    | SecInterp.sec_interp.core.services.profile_service | get_logger:118 | Thread-124004870224832 | File logging initialized: /home/jmbernales/qgispluginsdev/sec_interp/logs/sec_interp_debug.log
2025-12-26 20:28:21 | DEBUG    | SecInterp.sec_interp.core.services.structure_service | get_logger:118 | Thread-124004870224832 | File logging initialized: /home/jmbernales/qgispluginsdev/sec_interp/logs/sec_interp_debug.log
2025-12-26 20:28:21 | DEBUG    | SecInterp.sec_interp.core.controller | get_logger:118 | Thread-124004870224832 | File logging initialized: /home/jmbernales/qgispluginsdev/sec_interp/logs/sec_interp_debug.log
2025-12-26 20:28:22 | DEBUG    | SecInterp.sec_interp.core.services.export_service | get_logger:118 | Thread-124004870224832 | File logging initialized: /home/jmbernales/qgispluginsdev/sec_interp/logs/sec_interp_debug.log
2025-12-26 20:28:22 | DEBUG    | SecInterp.sec_interp.core.services.preview_service | get_logger:118 | Thread-124004870224832 | File logging initialized: /home/jmbernales/qgispluginsdev/sec_interp/logs/sec_interp_debug.log
2025-12-26 20:28:22 | DEBUG    | SecInterp.sec_interp.exporters.csv_exporter | get_logger:118 | Thread-124004870224832 | File logging initialized: /home/jmbernales/qgispluginsdev/sec_interp/logs/sec_interp_debug.log
2025-12-26 20:28:22 | DEBUG    | SecInterp.sec_interp.exporters.drillhole_exporters | get_logger:118 | Thread-124004870224832 | File logging initialized: /home/jmbernales/qgispluginsdev/sec_interp/logs/sec_interp_debug.log
2025-12-26 20:28:22 | DEBUG    | SecInterp.sec_interp.exporters.image_exporter | get_logger:118 | Thread-124004870224832 | File logging initialized: /home/jmbernales/qgispluginsdev/sec_interp/logs/sec_interp_debug.log
2025-12-26 20:28:22 | DEBUG    | SecInterp.sec_interp.exporters.pdf_exporter | get_logger:118 | Thread-124004870224832 | File logging initialized: /home/jmbernales/qgispluginsdev/sec_interp/logs/sec_interp_debug.log
2025-12-26 20:28:22 | DEBUG    | SecInterp.sec_interp.exporters.profile_exporters | get_logger:118 | Thread-124004870224832 | File logging initialized: /home/jmbernales/qgispluginsdev/sec_interp/logs/sec_interp_debug.log
2025-12-26 20:28:22 | DEBUG    | SecInterp.sec_interp.exporters.shp_exporter | get_logger:118 | Thread-124004870224832 | File logging initialized: /home/jmbernales/qgispluginsdev/sec_interp/logs/sec_interp_debug.log
2025-12-26 20:28:22 | DEBUG    | SecInterp.sec_interp.exporters.svg_exporter | get_logger:118 | Thread-124004870224832 | File logging initialized: /home/jmbernales/qgispluginsdev/sec_interp/logs/sec_interp_debug.log
2025-12-26 20:28:22 | DEBUG    | SecInterp.sec_interp.exporters.interpretation_exporters | get_logger:118 | Thread-124004870224832 | File logging initialized: /home/jmbernales/qgispluginsdev/sec_interp/logs/sec_interp_debug.log
2025-12-26 20:28:22 | DEBUG    | SecInterp.sec_interp.gui.utils | get_logger:118 | Thread-124004870224832 | File logging initialized: /home/jmbernales/qgispluginsdev/sec_interp/logs/sec_interp_debug.log
2025-12-26 20:28:22 | DEBUG    | SecInterp.sec_interp.gui.main_dialog | get_logger:118 | Thread-124004870224832 | File logging initialized: /home/jmbernales/qgispluginsdev/sec_interp/logs/sec_interp_debug.log
2025-12-26 20:28:22 | DEBUG    | SecInterp.sec_interp.gui.main_dialog_cache_handler | get_logger:118 | Thread-124004870224832 | File logging initialized: /home/jmbernales/qgispluginsdev/sec_interp/logs/sec_interp_debug.log
2025-12-26 20:28:22 | DEBUG    | SecInterp.sec_interp.gui.main_dialog_export | get_logger:118 | Thread-124004870224832 | File logging initialized: /home/jmbernales/qgispluginsdev/sec_interp/logs/sec_interp_debug.log
2025-12-26 20:28:22 | DEBUG    | SecInterp.sec_interp.gui.parallel_geology | get_logger:118 | Thread-124004870224832 | File logging initialized: /home/jmbernales/qgispluginsdev/sec_interp/logs/sec_interp_debug.log
2025-12-26 20:28:22 | DEBUG    | SecInterp.sec_interp.gui.main_dialog_preview | get_logger:118 | Thread-124004870224832 | File logging initialized: /home/jmbernales/qgispluginsdev/sec_interp/logs/sec_interp_debug.log
2025-12-26 20:28:22 | DEBUG    | SecInterp.sec_interp.gui.main_dialog_signals | get_logger:118 | Thread-124004870224832 | File logging initialized: /home/jmbernales/qgispluginsdev/sec_interp/logs/sec_interp_debug.log
2025-12-26 20:28:22 | DEBUG    | SecInterp.sec_interp.gui.tools.interpretation_tool | get_logger:118 | Thread-124004870224832 | File logging initialized: /home/jmbernales/qgispluginsdev/sec_interp/logs/sec_interp_debug.log
2025-12-26 20:28:22 | DEBUG    | SecInterp.sec_interp.gui.tools.measure_tool | get_logger:118 | Thread-124004870224832 | File logging initialized: /home/jmbernales/qgispluginsdev/sec_interp/logs/sec_interp_debug.log
2025-12-26 20:28:22 | DEBUG    | SecInterp.sec_interp.gui.ui.pages.drillhole_page | get_logger:118 | Thread-124004870224832 | File logging initialized: /home/jmbernales/qgispluginsdev/sec_interp/logs/sec_interp_debug.log
2025-12-26 20:28:22 | DEBUG    | SecInterp.sec_interp.gui.preview_axes_manager | get_logger:118 | Thread-124004870224832 | File logging initialized: /home/jmbernales/qgispluginsdev/sec_interp/logs/sec_interp_debug.log
2025-12-26 20:28:22 | DEBUG    | SecInterp.sec_interp.gui.preview_optimizer | get_logger:118 | Thread-124004870224832 | File logging initialized: /home/jmbernales/qgispluginsdev/sec_interp/logs/sec_interp_debug.log
2025-12-26 20:28:22 | DEBUG    | SecInterp.sec_interp.gui.preview_layer_factory | get_logger:118 | Thread-124004870224832 | File logging initialized: /home/jmbernales/qgispluginsdev/sec_interp/logs/sec_interp_debug.log
2025-12-26 20:28:22 | DEBUG    | SecInterp.sec_interp.gui.preview_legend_renderer | get_logger:118 | Thread-124004870224832 | File logging initialized: /home/jmbernales/qgispluginsdev/sec_interp/logs/sec_interp_debug.log
2025-12-26 20:28:22 | DEBUG    | SecInterp.sec_interp.gui.preview_renderer | get_logger:118 | Thread-124004870224832 | File logging initialized: /home/jmbernales/qgispluginsdev/sec_interp/logs/sec_interp_debug.log
2025-12-26 20:28:24 | DEBUG    | SecInterp.sec_interp.sec_interp_plugin | get_logger:118 | Thread-124004870224832 | File logging initialized: /home/jmbernales/qgispluginsdev/sec_interp/logs/sec_interp_debug.log
2025-12-26 20:36:55 | DEBUG    | SecInterp.sec_interp.core.utils.geometry_utils.filtering | get_logger:118 | Thread-126582537112512 | File logging initialized: /home/jmbernales/qgispluginsdev/sec_interp/logs/sec_interp_debug.log
2025-12-26 20:36:55 | DEBUG    | SecInterp.sec_interp.core.utils.geometry_utils.processing | get_logger:118 | Thread-126582537112512 | File logging initialized: /home/jmbernales/qgispluginsdev/sec_interp/logs/sec_interp_debug.log
2025-12-26 20:36:55 | DEBUG    | SecInterp.sec_interp.core.performance_metrics | get_logger:118 | Thread-126582537112512 | File logging initialized: /home/jmbernales/qgispluginsdev/sec_interp/logs/sec_interp_debug.log
2025-12-26 20:36:55 | DEBUG    | SecInterp.sec_interp.core.utils.sampling | get_logger:118 | Thread-126582537112512 | File logging initialized: /home/jmbernales/qgispluginsdev/sec_interp/logs/sec_interp_debug.log
2025-12-26 20:36:55 | DEBUG    | SecInterp.sec_interp.exporters.csv_exporter | get_logger:118 | Thread-126582537112512 | File logging initialized: /home/jmbernales/qgispluginsdev/sec_interp/logs/sec_interp_debug.log
2025-12-26 20:36:55 | DEBUG    | SecInterp.sec_interp.exporters.drillhole_exporters | get_logger:118 | Thread-126582537112512 | File logging initialized: /home/jmbernales/qgispluginsdev/sec_interp/logs/sec_interp_debug.log
2025-12-26 20:36:55 | DEBUG    | SecInterp.sec_interp.exporters.image_exporter | get_logger:118 | Thread-126582537112512 | File logging initialized: /home/jmbernales/qgispluginsdev/sec_interp/logs/sec_interp_debug.log
2025-12-26 20:36:55 | DEBUG    | SecInterp.sec_interp.exporters.pdf_exporter | get_logger:118 | Thread-126582537112512 | File logging initialized: /home/jmbernales/qgispluginsdev/sec_interp/logs/sec_interp_debug.log
2025-12-26 20:36:55 | DEBUG    | SecInterp.sec_interp.exporters.profile_exporters | get_logger:118 | Thread-126582537112512 | File logging initialized: /home/jmbernales/qgispluginsdev/sec_interp/logs/sec_interp_debug.log
2025-12-26 20:36:55 | DEBUG    | SecInterp.sec_interp.exporters.shp_exporter | get_logger:118 | Thread-126582537112512 | File logging initialized: /home/jmbernales/qgispluginsdev/sec_interp/logs/sec_interp_debug.log
2025-12-26 20:36:55 | DEBUG    | SecInterp.sec_interp.exporters.svg_exporter | get_logger:118 | Thread-126582537112512 | File logging initialized: /home/jmbernales/qgispluginsdev/sec_interp/logs/sec_interp_debug.log
2025-12-26 20:36:55 | DEBUG    | SecInterp.sec_interp.gui.utils | get_logger:118 | Thread-126582537112512 | File logging initialized: /home/jmbernales/qgispluginsdev/sec_interp/logs/sec_interp_debug.log
2025-12-26 20:36:55 | DEBUG    | SecInterp.sec_interp.gui.main_dialog | get_logger:118 | Thread-126582537112512 | File logging initialized: /home/jmbernales/qgispluginsdev/sec_interp/logs/sec_interp_debug.log
2025-12-26 20:36:55 | DEBUG    | SecInterp.sec_interp.gui.main_dialog_cache_handler | get_logger:118 | Thread-126582537112512 | File logging initialized: /home/jmbernales/qgispluginsdev/sec_interp/logs/sec_interp_debug.log
2025-12-26 20:36:55 | DEBUG    | SecInterp.sec_interp.core.services.drillhole_service | get_logger:118 | Thread-126582537112512 | File logging initialized: /home/jmbernales/qgispluginsdev/sec_interp/logs/sec_interp_debug.log
2025-12-26 20:36:55 | DEBUG    | SecInterp.sec_interp.core.utils.resource_manager | get_logger:118 | Thread-126582537112512 | File logging initialized: /home/jmbernales/qgispluginsdev/sec_interp/logs/sec_interp_debug.log
2025-12-26 20:36:55 | DEBUG    | SecInterp.sec_interp.core.services.geology_service | get_logger:118 | Thread-126582537112512 | File logging initialized: /home/jmbernales/qgispluginsdev/sec_interp/logs/sec_interp_debug.log
2025-12-26 20:36:55 | DEBUG    | SecInterp.sec_interp.core.services.interpretation_service | get_logger:118 | Thread-126582537112512 | File logging initialized: /home/jmbernales/qgispluginsdev/sec_interp/logs/sec_interp_debug.log
2025-12-26 20:36:55 | DEBUG    | SecInterp.sec_interp.core.services.profile_service | get_logger:118 | Thread-126582537112512 | File logging initialized: /home/jmbernales/qgispluginsdev/sec_interp/logs/sec_interp_debug.log
2025-12-26 20:36:55 | DEBUG    | SecInterp.sec_interp.core.services.structure_service | get_logger:118 | Thread-126582537112512 | File logging initialized: /home/jmbernales/qgispluginsdev/sec_interp/logs/sec_interp_debug.log
2025-12-26 20:36:55 | DEBUG    | SecInterp.sec_interp.core.services.export_service | get_logger:118 | Thread-126582537112512 | File logging initialized: /home/jmbernales/qgispluginsdev/sec_interp/logs/sec_interp_debug.log
2025-12-26 20:36:55 | DEBUG    | SecInterp.sec_interp.gui.main_dialog_export | get_logger:118 | Thread-126582537112512 | File logging initialized: /home/jmbernales/qgispluginsdev/sec_interp/logs/sec_interp_debug.log
2025-12-26 20:36:55 | DEBUG    | SecInterp.sec_interp.core.services.preview_service | get_logger:118 | Thread-126582537112512 | File logging initialized: /home/jmbernales/qgispluginsdev/sec_interp/logs/sec_interp_debug.log
2025-12-26 20:36:55 | DEBUG    | SecInterp.sec_interp.gui.parallel_geology | get_logger:118 | Thread-126582537112512 | File logging initialized: /home/jmbernales/qgispluginsdev/sec_interp/logs/sec_interp_debug.log
2025-12-26 20:36:55 | DEBUG    | SecInterp.sec_interp.gui.main_dialog_preview | get_logger:118 | Thread-126582537112512 | File logging initialized: /home/jmbernales/qgispluginsdev/sec_interp/logs/sec_interp_debug.log
2025-12-26 20:36:55 | DEBUG    | SecInterp.sec_interp.gui.main_dialog_signals | get_logger:118 | Thread-126582537112512 | File logging initialized: /home/jmbernales/qgispluginsdev/sec_interp/logs/sec_interp_debug.log
2025-12-26 20:36:55 | DEBUG    | SecInterp.sec_interp.gui.tools.interpretation_tool | get_logger:118 | Thread-126582537112512 | File logging initialized: /home/jmbernales/qgispluginsdev/sec_interp/logs/sec_interp_debug.log
2025-12-26 20:36:55 | DEBUG    | SecInterp.sec_interp.gui.tools.measure_tool | get_logger:118 | Thread-126582537112512 | File logging initialized: /home/jmbernales/qgispluginsdev/sec_interp/logs/sec_interp_debug.log
2025-12-26 20:36:55 | DEBUG    | SecInterp.sec_interp.gui.ui.pages.drillhole_page | get_logger:118 | Thread-126582537112512 | File logging initialized: /home/jmbernales/qgispluginsdev/sec_interp/logs/sec_interp_debug.log
2025-12-26 20:36:55 | DEBUG    | SecInterp.sec_interp.gui.preview_axes_manager | get_logger:118 | Thread-126582537112512 | File logging initialized: /home/jmbernales/qgispluginsdev/sec_interp/logs/sec_interp_debug.log
2025-12-26 20:36:55 | DEBUG    | SecInterp.sec_interp.gui.preview_optimizer | get_logger:118 | Thread-126582537112512 | File logging initialized: /home/jmbernales/qgispluginsdev/sec_interp/logs/sec_interp_debug.log
2025-12-26 20:36:55 | DEBUG    | SecInterp.sec_interp.gui.preview_layer_factory | get_logger:118 | Thread-126582537112512 | File logging initialized: /home/jmbernales/qgispluginsdev/sec_interp/logs/sec_interp_debug.log
2025-12-26 20:36:55 | DEBUG    | SecInterp.sec_interp.gui.preview_legend_renderer | get_logger:118 | Thread-126582537112512 | File logging initialized: /home/jmbernales/qgispluginsdev/sec_interp/logs/sec_interp_debug.log
2025-12-26 20:36:55 | DEBUG    | SecInterp.sec_interp.gui.preview_renderer | get_logger:118 | Thread-126582537112512 | File logging initialized: /home/jmbernales/qgispluginsdev/sec_interp/logs/sec_interp_debug.log
2025-12-26 21:04:53 | DEBUG    | SecInterp.sec_interp.core.performance_metrics | get_logger:118 | Thread-132279413480384 | File logging initialized: /home/jmbernales/qgispluginsdev/sec_interp/logs/sec_interp_debug.log
2025-12-26 21:04:53 | DEBUG    | SecInterp.sec_interp.exporters.csv_exporter | get_logger:118 | Thread-132279413480384 | File logging initialized: /home/jmbernales/qgispluginsdev/sec_interp/logs/sec_interp_debug.log
2025-12-26 21:04:53 | DEBUG    | SecInterp.sec_interp.core.utils.geometry_utils.filtering | get_logger:118 | Thread-132279413480384 | File logging initialized: /home/jmbernales/qgispluginsdev/sec_interp/logs/sec_interp_debug.log
2025-12-26 21:04:53 | DEBUG    | SecInterp.sec_interp.core.utils.geometry_utils.processing | get_logger:118 | Thread-132279413480384 | File logging initialized: /home/jmbernales/qgispluginsdev/sec_interp/logs/sec_interp_debug.log
2025-12-26 21:04:53 | DEBUG    | SecInterp.sec_interp.core.utils.sampling | get_logger:118 | Thread-132279413480384 | File logging initialized: /home/jmbernales/qgispluginsdev/sec_interp/logs/sec_interp_debug.log
2025-12-26 21:04:53 | DEBUG    | SecInterp.sec_interp.exporters.drillhole_exporters | get_logger:118 | Thread-132279413480384 | File logging initialized: /home/jmbernales/qgispluginsdev/sec_interp/logs/sec_interp_debug.log
2025-12-26 21:04:53 | DEBUG    | SecInterp.sec_interp.exporters.image_exporter | get_logger:118 | Thread-132279413480384 | File logging initialized: /home/jmbernales/qgispluginsdev/sec_interp/logs/sec_interp_debug.log
2025-12-26 21:04:53 | DEBUG    | SecInterp.sec_interp.exporters.pdf_exporter | get_logger:118 | Thread-132279413480384 | File logging initialized: /home/jmbernales/qgispluginsdev/sec_interp/logs/sec_interp_debug.log
2025-12-26 21:04:53 | DEBUG    | SecInterp.sec_interp.exporters.profile_exporters | get_logger:118 | Thread-132279413480384 | File logging initialized: /home/jmbernales/qgispluginsdev/sec_interp/logs/sec_interp_debug.log
2025-12-26 21:04:53 | DEBUG    | SecInterp.sec_interp.exporters.shp_exporter | get_logger:118 | Thread-132279413480384 | File logging initialized: /home/jmbernales/qgispluginsdev/sec_interp/logs/sec_interp_debug.log
2025-12-26 21:04:53 | DEBUG    | SecInterp.sec_interp.exporters.svg_exporter | get_logger:118 | Thread-132279413480384 | File logging initialized: /home/jmbernales/qgispluginsdev/sec_interp/logs/sec_interp_debug.log
2025-12-26 21:04:54 | DEBUG    | SecInterp.sec_interp.gui.utils | get_logger:118 | Thread-132279413480384 | File logging initialized: /home/jmbernales/qgispluginsdev/sec_interp/logs/sec_interp_debug.log
2025-12-26 21:04:54 | DEBUG    | SecInterp.sec_interp.gui.main_dialog | get_logger:118 | Thread-132279413480384 | File logging initialized: /home/jmbernales/qgispluginsdev/sec_interp/logs/sec_interp_debug.log
2025-12-26 21:04:54 | DEBUG    | SecInterp.sec_interp.gui.main_dialog_cache_handler | get_logger:118 | Thread-132279413480384 | File logging initialized: /home/jmbernales/qgispluginsdev/sec_interp/logs/sec_interp_debug.log
2025-12-26 21:04:54 | DEBUG    | SecInterp.sec_interp.core.services.drillhole_service | get_logger:118 | Thread-132279413480384 | File logging initialized: /home/jmbernales/qgispluginsdev/sec_interp/logs/sec_interp_debug.log
2025-12-26 21:04:54 | DEBUG    | SecInterp.sec_interp.core.utils.resource_manager | get_logger:118 | Thread-132279413480384 | File logging initialized: /home/jmbernales/qgispluginsdev/sec_interp/logs/sec_interp_debug.log
2025-12-26 21:04:54 | DEBUG    | SecInterp.sec_interp.core.services.geology_service | get_logger:118 | Thread-132279413480384 | File logging initialized: /home/jmbernales/qgispluginsdev/sec_interp/logs/sec_interp_debug.log
2025-12-26 21:04:54 | DEBUG    | SecInterp.sec_interp.core.services.interpretation_service | get_logger:118 | Thread-132279413480384 | File logging initialized: /home/jmbernales/qgispluginsdev/sec_interp/logs/sec_interp_debug.log
2025-12-26 21:04:54 | DEBUG    | SecInterp.sec_interp.core.services.profile_service | get_logger:118 | Thread-132279413480384 | File logging initialized: /home/jmbernales/qgispluginsdev/sec_interp/logs/sec_interp_debug.log
2025-12-26 21:04:54 | DEBUG    | SecInterp.sec_interp.core.services.structure_service | get_logger:118 | Thread-132279413480384 | File logging initialized: /home/jmbernales/qgispluginsdev/sec_interp/logs/sec_interp_debug.log
2025-12-26 21:04:54 | DEBUG    | SecInterp.sec_interp.core.services.export_service | get_logger:118 | Thread-132279413480384 | File logging initialized: /home/jmbernales/qgispluginsdev/sec_interp/logs/sec_interp_debug.log
2025-12-26 21:04:54 | DEBUG    | SecInterp.sec_interp.gui.main_dialog_export | get_logger:118 | Thread-132279413480384 | File logging initialized: /home/jmbernales/qgispluginsdev/sec_interp/logs/sec_interp_debug.log
2025-12-26 21:04:54 | DEBUG    | SecInterp.sec_interp.core.services.preview_service | get_logger:118 | Thread-132279413480384 | File logging initialized: /home/jmbernales/qgispluginsdev/sec_interp/logs/sec_interp_debug.log
2025-12-26 21:04:54 | DEBUG    | SecInterp.sec_interp.gui.parallel_geology | get_logger:118 | Thread-132279413480384 | File logging initialized: /home/jmbernales/qgispluginsdev/sec_interp/logs/sec_interp_debug.log
2025-12-26 21:04:54 | DEBUG    | SecInterp.sec_interp.gui.main_dialog_preview | get_logger:118 | Thread-132279413480384 | File logging initialized: /home/jmbernales/qgispluginsdev/sec_interp/logs/sec_interp_debug.log
2025-12-26 21:04:54 | DEBUG    | SecInterp.sec_interp.gui.main_dialog_signals | get_logger:118 | Thread-132279413480384 | File logging initialized: /home/jmbernales/qgispluginsdev/sec_interp/logs/sec_interp_debug.log
2025-12-26 21:04:54 | DEBUG    | SecInterp.sec_interp.gui.tools.interpretation_tool | get_logger:118 | Thread-132279413480384 | File logging initialized: /home/jmbernales/qgispluginsdev/sec_interp/logs/sec_interp_debug.log
2025-12-26 21:04:54 | DEBUG    | SecInterp.sec_interp.gui.tools.measure_tool | get_logger:118 | Thread-132279413480384 | File logging initialized: /home/jmbernales/qgispluginsdev/sec_interp/logs/sec_interp_debug.log
2025-12-26 21:04:54 | DEBUG    | SecInterp.sec_interp.gui.ui.pages.drillhole_page | get_logger:118 | Thread-132279413480384 | File logging initialized: /home/jmbernales/qgispluginsdev/sec_interp/logs/sec_interp_debug.log
2025-12-26 21:04:54 | DEBUG    | SecInterp.sec_interp.gui.preview_axes_manager | get_logger:118 | Thread-132279413480384 | File logging initialized: /home/jmbernales/qgispluginsdev/sec_interp/logs/sec_interp_debug.log
2025-12-26 21:04:54 | DEBUG    | SecInterp.sec_interp.gui.preview_optimizer | get_logger:118 | Thread-132279413480384 | File logging initialized: /home/jmbernales/qgispluginsdev/sec_interp/logs/sec_interp_debug.log
2025-12-26 21:04:54 | DEBUG    | SecInterp.sec_interp.gui.preview_layer_factory | get_logger:118 | Thread-132279413480384 | File logging initialized: /home/jmbernales/qgispluginsdev/sec_interp/logs/sec_interp_debug.log
2025-12-26 21:04:54 | DEBUG    | SecInterp.sec_interp.gui.preview_legend_renderer | get_logger:118 | Thread-132279413480384 | File logging initialized: /home/jmbernales/qgispluginsdev/sec_interp/logs/sec_interp_debug.log
2025-12-26 21:04:54 | DEBUG    | SecInterp.sec_interp.gui.preview_renderer | get_logger:118 | Thread-132279413480384 | File logging initialized: /home/jmbernales/qgispluginsdev/sec_interp/logs/sec_interp_debug.log
2025-12-26 21:10:10 | DEBUG    | SecInterp.sec_interp.core.utils.geometry_utils.filtering | get_logger:118 | Thread-125019076266944 | File logging initialized: /home/jmbernales/qgispluginsdev/sec_interp/logs/sec_interp_debug.log
2025-12-26 21:10:10 | DEBUG    | SecInterp.sec_interp.core.utils.geometry_utils.processing | get_logger:118 | Thread-125019076266944 | File logging initialized: /home/jmbernales/qgispluginsdev/sec_interp/logs/sec_interp_debug.log
2025-12-26 21:10:10 | DEBUG    | SecInterp.sec_interp.core.performance_metrics | get_logger:118 | Thread-125019076266944 | File logging initialized: /home/jmbernales/qgispluginsdev/sec_interp/logs/sec_interp_debug.log
2025-12-26 21:10:10 | DEBUG    | SecInterp.sec_interp.core.utils.sampling | get_logger:118 | Thread-125019076266944 | File logging initialized: /home/jmbernales/qgispluginsdev/sec_interp/logs/sec_interp_debug.log
2025-12-26 21:10:10 | DEBUG    | SecInterp.sec_interp.core.config | get_logger:118 | Thread-125019076266944 | File logging initialized: /home/jmbernales/qgispluginsdev/sec_interp/logs/sec_interp_debug.log
2025-12-26 21:10:10 | DEBUG    | SecInterp.sec_interp.core.data_cache | get_logger:118 | Thread-125019076266944 | File logging initialized: /home/jmbernales/qgispluginsdev/sec_interp/logs/sec_interp_debug.log
2025-12-26 21:10:10 | DEBUG    | SecInterp.sec_interp.core.services.drillhole_service | get_logger:118 | Thread-125019076266944 | File logging initialized: /home/jmbernales/qgispluginsdev/sec_interp/logs/sec_interp_debug.log
2025-12-26 21:10:10 | DEBUG    | SecInterp.sec_interp.core.utils.resource_manager | get_logger:118 | Thread-125019076266944 | File logging initialized: /home/jmbernales/qgispluginsdev/sec_interp/logs/sec_interp_debug.log
2025-12-26 21:10:10 | DEBUG    | SecInterp.sec_interp.core.services.geology_service | get_logger:118 | Thread-125019076266944 | File logging initialized: /home/jmbernales/qgispluginsdev/sec_interp/logs/sec_interp_debug.log
2025-12-26 21:10:10 | DEBUG    | SecInterp.sec_interp.core.services.interpretation_service | get_logger:118 | Thread-125019076266944 | File logging initialized: /home/jmbernales/qgispluginsdev/sec_interp/logs/sec_interp_debug.log
2025-12-26 21:10:10 | DEBUG    | SecInterp.sec_interp.core.services.profile_service | get_logger:118 | Thread-125019076266944 | File logging initialized: /home/jmbernales/qgispluginsdev/sec_interp/logs/sec_interp_debug.log
2025-12-26 21:10:10 | DEBUG    | SecInterp.sec_interp.core.services.structure_service | get_logger:118 | Thread-125019076266944 | File logging initialized: /home/jmbernales/qgispluginsdev/sec_interp/logs/sec_interp_debug.log
2025-12-26 21:10:10 | DEBUG    | SecInterp.sec_interp.core.controller | get_logger:118 | Thread-125019076266944 | File logging initialized: /home/jmbernales/qgispluginsdev/sec_interp/logs/sec_interp_debug.log
2025-12-26 21:10:11 | DEBUG    | SecInterp.sec_interp.core.services.export_service | get_logger:118 | Thread-125019076266944 | File logging initialized: /home/jmbernales/qgispluginsdev/sec_interp/logs/sec_interp_debug.log
2025-12-26 21:10:11 | DEBUG    | SecInterp.sec_interp.core.services.preview_service | get_logger:118 | Thread-125019076266944 | File logging initialized: /home/jmbernales/qgispluginsdev/sec_interp/logs/sec_interp_debug.log
2025-12-26 21:10:11 | DEBUG    | SecInterp.sec_interp.exporters.csv_exporter | get_logger:118 | Thread-125019076266944 | File logging initialized: /home/jmbernales/qgispluginsdev/sec_interp/logs/sec_interp_debug.log
2025-12-26 21:10:11 | DEBUG    | SecInterp.sec_interp.exporters.drillhole_exporters | get_logger:118 | Thread-125019076266944 | File logging initialized: /home/jmbernales/qgispluginsdev/sec_interp/logs/sec_interp_debug.log
2025-12-26 21:10:11 | DEBUG    | SecInterp.sec_interp.exporters.image_exporter | get_logger:118 | Thread-125019076266944 | File logging initialized: /home/jmbernales/qgispluginsdev/sec_interp/logs/sec_interp_debug.log
2025-12-26 21:10:11 | DEBUG    | SecInterp.sec_interp.exporters.pdf_exporter | get_logger:118 | Thread-125019076266944 | File logging initialized: /home/jmbernales/qgispluginsdev/sec_interp/logs/sec_interp_debug.log
2025-12-26 21:10:11 | DEBUG    | SecInterp.sec_interp.exporters.profile_exporters | get_logger:118 | Thread-125019076266944 | File logging initialized: /home/jmbernales/qgispluginsdev/sec_interp/logs/sec_interp_debug.log
2025-12-26 21:10:11 | DEBUG    | SecInterp.sec_interp.exporters.shp_exporter | get_logger:118 | Thread-125019076266944 | File logging initialized: /home/jmbernales/qgispluginsdev/sec_interp/logs/sec_interp_debug.log
2025-12-26 21:10:11 | DEBUG    | SecInterp.sec_interp.exporters.svg_exporter | get_logger:118 | Thread-125019076266944 | File logging initialized: /home/jmbernales/qgispluginsdev/sec_interp/logs/sec_interp_debug.log
2025-12-26 21:10:11 | DEBUG    | SecInterp.sec_interp.gui.utils | get_logger:118 | Thread-125019076266944 | File logging initialized: /home/jmbernales/qgispluginsdev/sec_interp/logs/sec_interp_debug.log
2025-12-26 21:10:11 | DEBUG    | SecInterp.sec_interp.gui.main_dialog | get_logger:118 | Thread-125019076266944 | File logging initialized: /home/jmbernales/qgispluginsdev/sec_interp/logs/sec_interp_debug.log
2025-12-26 21:10:11 | DEBUG    | SecInterp.sec_interp.gui.main_dialog_cache_handler | get_logger:118 | Thread-125019076266944 | File logging initialized: /home/jmbernales/qgispluginsdev/sec_interp/logs/sec_interp_debug.log
2025-12-26 21:10:11 | DEBUG    | SecInterp.sec_interp.gui.main_dialog_export | get_logger:118 | Thread-125019076266944 | File logging initialized: /home/jmbernales/qgispluginsdev/sec_interp/logs/sec_interp_debug.log
2025-12-26 21:10:11 | DEBUG    | SecInterp.sec_interp.gui.parallel_geology | get_logger:118 | Thread-125019076266944 | File logging initialized: /home/jmbernales/qgispluginsdev/sec_interp/logs/sec_interp_debug.log
2025-12-26 21:10:11 | DEBUG    | SecInterp.sec_interp.gui.main_dialog_preview | get_logger:118 | Thread-125019076266944 | File logging initialized: /home/jmbernales/qgispluginsdev/sec_interp/logs/sec_interp_debug.log
2025-12-26 21:10:11 | DEBUG    | SecInterp.sec_interp.gui.main_dialog_signals | get_logger:118 | Thread-125019076266944 | File logging initialized: /home/jmbernales/qgispluginsdev/sec_interp/logs/sec_interp_debug.log
2025-12-26 21:10:11 | DEBUG    | SecInterp.sec_interp.gui.tools.interpretation_tool | get_logger:118 | Thread-125019076266944 | File logging initialized: /home/jmbernales/qgispluginsdev/sec_interp/logs/sec_interp_debug.log
2025-12-26 21:10:11 | DEBUG    | SecInterp.sec_interp.gui.tools.measure_tool | get_logger:118 | Thread-125019076266944 | File logging initialized: /home/jmbernales/qgispluginsdev/sec_interp/logs/sec_interp_debug.log
2025-12-26 21:10:11 | DEBUG    | SecInterp.sec_interp.gui.ui.pages.drillhole_page | get_logger:118 | Thread-125019076266944 | File logging initialized: /home/jmbernales/qgispluginsdev/sec_interp/logs/sec_interp_debug.log
2025-12-26 21:10:11 | DEBUG    | SecInterp.sec_interp.gui.preview_axes_manager | get_logger:118 | Thread-125019076266944 | File logging initialized: /home/jmbernales/qgispluginsdev/sec_interp/logs/sec_interp_debug.log
2025-12-26 21:10:11 | DEBUG    | SecInterp.sec_interp.gui.preview_optimizer | get_logger:118 | Thread-125019076266944 | File logging initialized: /home/jmbernales/qgispluginsdev/sec_interp/logs/sec_interp_debug.log
2025-12-26 21:10:11 | DEBUG    | SecInterp.sec_interp.gui.preview_layer_factory | get_logger:118 | Thread-125019076266944 | File logging initialized: /home/jmbernales/qgispluginsdev/sec_interp/logs/sec_interp_debug.log
2025-12-26 21:10:11 | DEBUG    | SecInterp.sec_interp.gui.preview_legend_renderer | get_logger:118 | Thread-125019076266944 | File logging initialized: /home/jmbernales/qgispluginsdev/sec_interp/logs/sec_interp_debug.log
2025-12-26 21:10:11 | DEBUG    | SecInterp.sec_interp.gui.preview_renderer | get_logger:118 | Thread-125019076266944 | File logging initialized: /home/jmbernales/qgispluginsdev/sec_interp/logs/sec_interp_debug.log
2025-12-26 21:10:12 | DEBUG    | SecInterp.sec_interp.sec_interp_plugin | get_logger:118 | Thread-125019076266944 | File logging initialized: /home/jmbernales/qgispluginsdev/sec_interp/logs/sec_interp_debug.log
2025-12-26 21:14:29 | DEBUG    | SecInterp.sec_interp.core.utils.geometry_utils.filtering | get_logger:118 | Thread-127906315127744 | File logging initialized: /home/jmbernales/qgispluginsdev/sec_interp/logs/sec_interp_debug.log
2025-12-26 21:14:29 | DEBUG    | SecInterp.sec_interp.core.utils.geometry_utils.processing | get_logger:118 | Thread-127906315127744 | File logging initialized: /home/jmbernales/qgispluginsdev/sec_interp/logs/sec_interp_debug.log
2025-12-26 21:14:29 | DEBUG    | SecInterp.sec_interp.core.performance_metrics | get_logger:118 | Thread-127906315127744 | File logging initialized: /home/jmbernales/qgispluginsdev/sec_interp/logs/sec_interp_debug.log
2025-12-26 21:14:29 | DEBUG    | SecInterp.sec_interp.core.utils.sampling | get_logger:118 | Thread-127906315127744 | File logging initialized: /home/jmbernales/qgispluginsdev/sec_interp/logs/sec_interp_debug.log
2025-12-26 21:14:29 | DEBUG    | SecInterp.sec_interp.core.services.drillhole_service | get_logger:118 | Thread-127906315127744 | File logging initialized: /home/jmbernales/qgispluginsdev/sec_interp/logs/sec_interp_debug.log
2025-12-26 21:14:29 | DEBUG    | SecInterp.sec_interp.core.utils.resource_manager | get_logger:118 | Thread-127906315127744 | File logging initialized: /home/jmbernales/qgispluginsdev/sec_interp/logs/sec_interp_debug.log
2025-12-26 21:14:29 | DEBUG    | SecInterp.sec_interp.core.services.geology_service | get_logger:118 | Thread-127906315127744 | File logging initialized: /home/jmbernales/qgispluginsdev/sec_interp/logs/sec_interp_debug.log
2025-12-26 21:14:29 | DEBUG    | SecInterp.sec_interp.core.services.interpretation_service | get_logger:118 | Thread-127906315127744 | File logging initialized: /home/jmbernales/qgispluginsdev/sec_interp/logs/sec_interp_debug.log
2025-12-26 21:14:29 | DEBUG    | SecInterp.sec_interp.core.services.profile_service | get_logger:118 | Thread-127906315127744 | File logging initialized: /home/jmbernales/qgispluginsdev/sec_interp/logs/sec_interp_debug.log
2025-12-26 21:14:29 | DEBUG    | SecInterp.sec_interp.core.services.structure_service | get_logger:118 | Thread-127906315127744 | File logging initialized: /home/jmbernales/qgispluginsdev/sec_interp/logs/sec_interp_debug.log
2025-12-26 21:14:29 | DEBUG    | SecInterp.sec_interp.core.services.export_service | get_logger:118 | Thread-127906315127744 | File logging initialized: /home/jmbernales/qgispluginsdev/sec_interp/logs/sec_interp_debug.log
2025-12-26 21:14:29 | DEBUG    | SecInterp.sec_interp.exporters.csv_exporter | get_logger:118 | Thread-127906315127744 | File logging initialized: /home/jmbernales/qgispluginsdev/sec_interp/logs/sec_interp_debug.log
2025-12-26 21:14:29 | DEBUG    | SecInterp.sec_interp.exporters.drillhole_exporters | get_logger:118 | Thread-127906315127744 | File logging initialized: /home/jmbernales/qgispluginsdev/sec_interp/logs/sec_interp_debug.log
2025-12-26 21:14:29 | DEBUG    | SecInterp.sec_interp.exporters.image_exporter | get_logger:118 | Thread-127906315127744 | File logging initialized: /home/jmbernales/qgispluginsdev/sec_interp/logs/sec_interp_debug.log
2025-12-26 21:14:29 | DEBUG    | SecInterp.sec_interp.exporters.pdf_exporter | get_logger:118 | Thread-127906315127744 | File logging initialized: /home/jmbernales/qgispluginsdev/sec_interp/logs/sec_interp_debug.log
2025-12-26 21:14:29 | DEBUG    | SecInterp.sec_interp.exporters.profile_exporters | get_logger:118 | Thread-127906315127744 | File logging initialized: /home/jmbernales/qgispluginsdev/sec_interp/logs/sec_interp_debug.log
2025-12-26 21:14:29 | DEBUG    | SecInterp.sec_interp.exporters.shp_exporter | get_logger:118 | Thread-127906315127744 | File logging initialized: /home/jmbernales/qgispluginsdev/sec_interp/logs/sec_interp_debug.log
2025-12-26 21:14:29 | DEBUG    | SecInterp.sec_interp.exporters.svg_exporter | get_logger:118 | Thread-127906315127744 | File logging initialized: /home/jmbernales/qgispluginsdev/sec_interp/logs/sec_interp_debug.log
2025-12-26 21:14:29 | DEBUG    | SecInterp.sec_interp.gui.utils | get_logger:118 | Thread-127906315127744 | File logging initialized: /home/jmbernales/qgispluginsdev/sec_interp/logs/sec_interp_debug.log
2025-12-26 21:14:29 | DEBUG    | SecInterp.sec_interp.gui.main_dialog | get_logger:118 | Thread-127906315127744 | File logging initialized: /home/jmbernales/qgispluginsdev/sec_interp/logs/sec_interp_debug.log
2025-12-26 21:14:29 | DEBUG    | SecInterp.sec_interp.gui.main_dialog_cache_handler | get_logger:118 | Thread-127906315127744 | File logging initialized: /home/jmbernales/qgispluginsdev/sec_interp/logs/sec_interp_debug.log
2025-12-26 21:14:29 | DEBUG    | SecInterp.sec_interp.gui.main_dialog_export | get_logger:118 | Thread-127906315127744 | File logging initialized: /home/jmbernales/qgispluginsdev/sec_interp/logs/sec_interp_debug.log
2025-12-26 21:14:29 | DEBUG    | SecInterp.sec_interp.core.services.preview_service | get_logger:118 | Thread-127906315127744 | File logging initialized: /home/jmbernales/qgispluginsdev/sec_interp/logs/sec_interp_debug.log
2025-12-26 21:14:29 | DEBUG    | SecInterp.sec_interp.gui.parallel_geology | get_logger:118 | Thread-127906315127744 | File logging initialized: /home/jmbernales/qgispluginsdev/sec_interp/logs/sec_interp_debug.log
2025-12-26 21:14:29 | DEBUG    | SecInterp.sec_interp.gui.main_dialog_preview | get_logger:118 | Thread-127906315127744 | File logging initialized: /home/jmbernales/qgispluginsdev/sec_interp/logs/sec_interp_debug.log
2025-12-26 21:14:29 | DEBUG    | SecInterp.sec_interp.gui.main_dialog_signals | get_logger:118 | Thread-127906315127744 | File logging initialized: /home/jmbernales/qgispluginsdev/sec_interp/logs/sec_interp_debug.log
2025-12-26 21:14:29 | DEBUG    | SecInterp.sec_interp.gui.tools.interpretation_tool | get_logger:118 | Thread-127906315127744 | File logging initialized: /home/jmbernales/qgispluginsdev/sec_interp/logs/sec_interp_debug.log
2025-12-26 21:14:29 | DEBUG    | SecInterp.sec_interp.gui.tools.measure_tool | get_logger:118 | Thread-127906315127744 | File logging initialized: /home/jmbernales/qgispluginsdev/sec_interp/logs/sec_interp_debug.log
2025-12-26 21:14:29 | DEBUG    | SecInterp.sec_interp.gui.ui.pages.drillhole_page | get_logger:118 | Thread-127906315127744 | File logging initialized: /home/jmbernales/qgispluginsdev/sec_interp/logs/sec_interp_debug.log
2025-12-26 21:14:29 | DEBUG    | SecInterp.sec_interp.gui.preview_axes_manager | get_logger:118 | Thread-127906315127744 | File logging initialized: /home/jmbernales/qgispluginsdev/sec_interp/logs/sec_interp_debug.log
2025-12-26 21:14:29 | DEBUG    | SecInterp.sec_interp.gui.preview_optimizer | get_logger:118 | Thread-127906315127744 | File logging initialized: /home/jmbernales/qgispluginsdev/sec_interp/logs/sec_interp_debug.log
2025-12-26 21:14:29 | DEBUG    | SecInterp.sec_interp.gui.preview_layer_factory | get_logger:118 | Thread-127906315127744 | File logging initialized: /home/jmbernales/qgispluginsdev/sec_interp/logs/sec_interp_debug.log
2025-12-26 21:14:29 | DEBUG    | SecInterp.sec_interp.gui.preview_legend_renderer | get_logger:118 | Thread-127906315127744 | File logging initialized: /home/jmbernales/qgispluginsdev/sec_interp/logs/sec_interp_debug.log
2025-12-26 21:14:29 | DEBUG    | SecInterp.sec_interp.gui.preview_renderer | get_logger:118 | Thread-127906315127744 | File logging initialized: /home/jmbernales/qgispluginsdev/sec_interp/logs/sec_interp_debug.log
2025-12-26 21:14:29 | DEBUG    | SecInterp.sec_interp.core.config | get_logger:118 | Thread-127906315127744 | File logging initialized: /home/jmbernales/qgispluginsdev/sec_interp/logs/sec_interp_debug.log
2025-12-26 21:14:29 | DEBUG    | SecInterp.sec_interp.core.data_cache | get_logger:118 | Thread-127906315127744 | File logging initialized: /home/jmbernales/qgispluginsdev/sec_interp/logs/sec_interp_debug.log
2025-12-26 21:14:29 | DEBUG    | SecInterp.sec_interp.core.controller | get_logger:118 | Thread-127906315127744 | File logging initialized: /home/jmbernales/qgispluginsdev/sec_interp/logs/sec_interp_debug.log
2025-12-26 21:14:29 | DEBUG    | SecInterp.sec_interp.sec_interp_plugin | get_logger:118 | Thread-127906315127744 | File logging initialized: /home/jmbernales/qgispluginsdev/sec_interp/logs/sec_interp_debug.log
2025-12-26 21:18:19 | DEBUG    | SecInterp.sec_interp.core.performance_metrics | get_logger:118 | Thread-126039164480448 | File logging initialized: /home/jmbernales/qgispluginsdev/sec_interp/logs/sec_interp_debug.log
2025-12-26 21:18:19 | DEBUG    | SecInterp.sec_interp.exporters.csv_exporter | get_logger:118 | Thread-126039164480448 | File logging initialized: /home/jmbernales/qgispluginsdev/sec_interp/logs/sec_interp_debug.log
2025-12-26 21:18:19 | DEBUG    | SecInterp.sec_interp.core.utils.geometry_utils.filtering | get_logger:118 | Thread-126039164480448 | File logging initialized: /home/jmbernales/qgispluginsdev/sec_interp/logs/sec_interp_debug.log
2025-12-26 21:18:19 | DEBUG    | SecInterp.sec_interp.core.utils.geometry_utils.processing | get_logger:118 | Thread-126039164480448 | File logging initialized: /home/jmbernales/qgispluginsdev/sec_interp/logs/sec_interp_debug.log
2025-12-26 21:18:19 | DEBUG    | SecInterp.sec_interp.core.utils.sampling | get_logger:118 | Thread-126039164480448 | File logging initialized: /home/jmbernales/qgispluginsdev/sec_interp/logs/sec_interp_debug.log
2025-12-26 21:18:19 | DEBUG    | SecInterp.sec_interp.exporters.drillhole_exporters | get_logger:118 | Thread-126039164480448 | File logging initialized: /home/jmbernales/qgispluginsdev/sec_interp/logs/sec_interp_debug.log
2025-12-26 21:18:19 | DEBUG    | SecInterp.sec_interp.exporters.image_exporter | get_logger:118 | Thread-126039164480448 | File logging initialized: /home/jmbernales/qgispluginsdev/sec_interp/logs/sec_interp_debug.log
2025-12-26 21:18:19 | DEBUG    | SecInterp.sec_interp.exporters.pdf_exporter | get_logger:118 | Thread-126039164480448 | File logging initialized: /home/jmbernales/qgispluginsdev/sec_interp/logs/sec_interp_debug.log
2025-12-26 21:18:19 | DEBUG    | SecInterp.sec_interp.exporters.profile_exporters | get_logger:118 | Thread-126039164480448 | File logging initialized: /home/jmbernales/qgispluginsdev/sec_interp/logs/sec_interp_debug.log
2025-12-26 21:18:19 | DEBUG    | SecInterp.sec_interp.exporters.shp_exporter | get_logger:118 | Thread-126039164480448 | File logging initialized: /home/jmbernales/qgispluginsdev/sec_interp/logs/sec_interp_debug.log
2025-12-26 21:18:19 | DEBUG    | SecInterp.sec_interp.exporters.svg_exporter | get_logger:118 | Thread-126039164480448 | File logging initialized: /home/jmbernales/qgispluginsdev/sec_interp/logs/sec_interp_debug.log
2025-12-26 21:21:23 | DEBUG    | SecInterp.sec_interp.core.performance_metrics | get_logger:118 | Thread-140603893775296 | File logging initialized: /home/jmbernales/qgispluginsdev/sec_interp/logs/sec_interp_debug.log
2025-12-26 21:21:23 | DEBUG    | SecInterp.sec_interp.exporters.csv_exporter | get_logger:118 | Thread-140603893775296 | File logging initialized: /home/jmbernales/qgispluginsdev/sec_interp/logs/sec_interp_debug.log
2025-12-26 21:21:23 | DEBUG    | SecInterp.sec_interp.core.utils.geometry_utils.filtering | get_logger:118 | Thread-140603893775296 | File logging initialized: /home/jmbernales/qgispluginsdev/sec_interp/logs/sec_interp_debug.log
2025-12-26 21:21:23 | DEBUG    | SecInterp.sec_interp.core.utils.geometry_utils.processing | get_logger:118 | Thread-140603893775296 | File logging initialized: /home/jmbernales/qgispluginsdev/sec_interp/logs/sec_interp_debug.log
2025-12-26 21:21:23 | DEBUG    | SecInterp.sec_interp.core.utils.sampling | get_logger:118 | Thread-140603893775296 | File logging initialized: /home/jmbernales/qgispluginsdev/sec_interp/logs/sec_interp_debug.log
2025-12-26 21:21:23 | DEBUG    | SecInterp.sec_interp.exporters.drillhole_exporters | get_logger:118 | Thread-140603893775296 | File logging initialized: /home/jmbernales/qgispluginsdev/sec_interp/logs/sec_interp_debug.log
2025-12-26 21:21:23 | DEBUG    | SecInterp.sec_interp.exporters.image_exporter | get_logger:118 | Thread-140603893775296 | File logging initialized: /home/jmbernales/qgispluginsdev/sec_interp/logs/sec_interp_debug.log
2025-12-26 21:21:23 | DEBUG    | SecInterp.sec_interp.exporters.pdf_exporter | get_logger:118 | Thread-140603893775296 | File logging initialized: /home/jmbernales/qgispluginsdev/sec_interp/logs/sec_interp_debug.log
2025-12-26 21:21:23 | DEBUG    | SecInterp.sec_interp.exporters.profile_exporters | get_logger:118 | Thread-140603893775296 | File logging initialized: /home/jmbernales/qgispluginsdev/sec_interp/logs/sec_interp_debug.log
2025-12-26 21:21:23 | DEBUG    | SecInterp.sec_interp.exporters.shp_exporter | get_logger:118 | Thread-140603893775296 | File logging initialized: /home/jmbernales/qgispluginsdev/sec_interp/logs/sec_interp_debug.log
2025-12-26 21:21:23 | DEBUG    | SecInterp.sec_interp.exporters.svg_exporter | get_logger:118 | Thread-140603893775296 | File logging initialized: /home/jmbernales/qgispluginsdev/sec_interp/logs/sec_interp_debug.log
2025-12-26 21:25:18 | DEBUG    | SecInterp.sec_interp.core.performance_metrics | get_logger:118 | Thread-125404344355776 | File logging initialized: /home/jmbernales/qgispluginsdev/sec_interp/logs/sec_interp_debug.log
2025-12-26 21:25:18 | DEBUG    | SecInterp.sec_interp.exporters.csv_exporter | get_logger:118 | Thread-125404344355776 | File logging initialized: /home/jmbernales/qgispluginsdev/sec_interp/logs/sec_interp_debug.log
2025-12-26 21:25:18 | DEBUG    | SecInterp.sec_interp.core.utils.geometry_utils.filtering | get_logger:118 | Thread-125404344355776 | File logging initialized: /home/jmbernales/qgispluginsdev/sec_interp/logs/sec_interp_debug.log
2025-12-26 21:25:18 | DEBUG    | SecInterp.sec_interp.core.utils.geometry_utils.processing | get_logger:118 | Thread-125404344355776 | File logging initialized: /home/jmbernales/qgispluginsdev/sec_interp/logs/sec_interp_debug.log
2025-12-26 21:25:18 | DEBUG    | SecInterp.sec_interp.core.utils.sampling | get_logger:118 | Thread-125404344355776 | File logging initialized: /home/jmbernales/qgispluginsdev/sec_interp/logs/sec_interp_debug.log
2025-12-26 21:25:18 | DEBUG    | SecInterp.sec_interp.exporters.drillhole_exporters | get_logger:118 | Thread-125404344355776 | File logging initialized: /home/jmbernales/qgispluginsdev/sec_interp/logs/sec_interp_debug.log
2025-12-26 21:25:18 | DEBUG    | SecInterp.sec_interp.exporters.image_exporter | get_logger:118 | Thread-125404344355776 | File logging initialized: /home/jmbernales/qgispluginsdev/sec_interp/logs/sec_interp_debug.log
2025-12-26 21:25:18 | DEBUG    | SecInterp.sec_interp.exporters.pdf_exporter | get_logger:118 | Thread-125404344355776 | File logging initialized: /home/jmbernales/qgispluginsdev/sec_interp/logs/sec_interp_debug.log
2025-12-26 21:25:18 | DEBUG    | SecInterp.sec_interp.exporters.profile_exporters | get_logger:118 | Thread-125404344355776 | File logging initialized: /home/jmbernales/qgispluginsdev/sec_interp/logs/sec_interp_debug.log
2025-12-26 21:25:18 | DEBUG    | SecInterp.sec_interp.exporters.shp_exporter | get_logger:118 | Thread-125404344355776 | File logging initialized: /home/jmbernales/qgispluginsdev/sec_interp/logs/sec_interp_debug.log
2025-12-26 21:25:18 | DEBUG    | SecInterp.sec_interp.exporters.svg_exporter | get_logger:118 | Thread-125404344355776 | File logging initialized: /home/jmbernales/qgispluginsdev/sec_interp/logs/sec_interp_debug.log
2025-12-26 21:29:43 | DEBUG    | SecInterp.sec_interp.core.performance_metrics | get_logger:118 | Thread-129308803455936 | File logging initialized: /home/jmbernales/qgispluginsdev/sec_interp/logs/sec_interp_debug.log
2025-12-26 21:29:43 | DEBUG    | SecInterp.sec_interp.exporters.csv_exporter | get_logger:118 | Thread-129308803455936 | File logging initialized: /home/jmbernales/qgispluginsdev/sec_interp/logs/sec_interp_debug.log
2025-12-26 21:29:43 | DEBUG    | SecInterp.sec_interp.core.utils.geometry_utils.filtering | get_logger:118 | Thread-129308803455936 | File logging initialized: /home/jmbernales/qgispluginsdev/sec_interp/logs/sec_interp_debug.log
2025-12-26 21:29:43 | DEBUG    | SecInterp.sec_interp.core.utils.geometry_utils.processing | get_logger:118 | Thread-129308803455936 | File logging initialized: /home/jmbernales/qgispluginsdev/sec_interp/logs/sec_interp_debug.log
2025-12-26 21:29:43 | DEBUG    | SecInterp.sec_interp.core.utils.sampling | get_logger:118 | Thread-129308803455936 | File logging initialized: /home/jmbernales/qgispluginsdev/sec_interp/logs/sec_interp_debug.log
2025-12-26 21:29:43 | DEBUG    | SecInterp.sec_interp.exporters.drillhole_exporters | get_logger:118 | Thread-129308803455936 | File logging initialized: /home/jmbernales/qgispluginsdev/sec_interp/logs/sec_interp_debug.log
2025-12-26 21:29:43 | DEBUG    | SecInterp.sec_interp.exporters.image_exporter | get_logger:118 | Thread-129308803455936 | File logging initialized: /home/jmbernales/qgispluginsdev/sec_interp/logs/sec_interp_debug.log
2025-12-26 21:29:43 | DEBUG    | SecInterp.sec_interp.exporters.pdf_exporter | get_logger:118 | Thread-129308803455936 | File logging initialized: /home/jmbernales/qgispluginsdev/sec_interp/logs/sec_interp_debug.log
2025-12-26 21:29:43 | DEBUG    | SecInterp.sec_interp.exporters.profile_exporters | get_logger:118 | Thread-129308803455936 | File logging initialized: /home/jmbernales/qgispluginsdev/sec_interp/logs/sec_interp_debug.log
2025-12-26 21:29:43 | DEBUG    | SecInterp.sec_interp.exporters.shp_exporter | get_logger:118 | Thread-129308803455936 | File logging initialized: /home/jmbernales/qgispluginsdev/sec_interp/logs/sec_interp_debug.log
2025-12-26 21:29:43 | DEBUG    | SecInterp.sec_interp.exporters.svg_exporter | get_logger:118 | Thread-129308803455936 | File logging initialized: /home/jmbernales/qgispluginsdev/sec_interp/logs/sec_interp_debug.log
2025-12-26 21:37:17 | DEBUG    | SecInterp.sec_interp.core.utils.geometry_utils.filtering | get_logger:118 | Thread-133247034452928 | File logging initialized: /home/jmbernales/qgispluginsdev/sec_interp/logs/sec_interp_debug.log
2025-12-26 21:37:17 | DEBUG    | SecInterp.sec_interp.core.utils.geometry_utils.processing | get_logger:118 | Thread-133247034452928 | File logging initialized: /home/jmbernales/qgispluginsdev/sec_interp/logs/sec_interp_debug.log
2025-12-26 21:37:17 | DEBUG    | SecInterp.sec_interp.core.performance_metrics | get_logger:118 | Thread-133247034452928 | File logging initialized: /home/jmbernales/qgispluginsdev/sec_interp/logs/sec_interp_debug.log
2025-12-26 21:37:17 | DEBUG    | SecInterp.sec_interp.core.utils.sampling | get_logger:118 | Thread-133247034452928 | File logging initialized: /home/jmbernales/qgispluginsdev/sec_interp/logs/sec_interp_debug.log
2025-12-26 21:37:17 | DEBUG    | SecInterp.sec_interp.core.config | get_logger:118 | Thread-133247034452928 | File logging initialized: /home/jmbernales/qgispluginsdev/sec_interp/logs/sec_interp_debug.log
2025-12-26 21:37:17 | DEBUG    | SecInterp.sec_interp.core.data_cache | get_logger:118 | Thread-133247034452928 | File logging initialized: /home/jmbernales/qgispluginsdev/sec_interp/logs/sec_interp_debug.log
2025-12-26 21:37:17 | DEBUG    | SecInterp.sec_interp.core.services.drillhole_service | get_logger:118 | Thread-133247034452928 | File logging initialized: /home/jmbernales/qgispluginsdev/sec_interp/logs/sec_interp_debug.log
2025-12-26 21:37:17 | DEBUG    | SecInterp.sec_interp.core.utils.resource_manager | get_logger:118 | Thread-133247034452928 | File logging initialized: /home/jmbernales/qgispluginsdev/sec_interp/logs/sec_interp_debug.log
2025-12-26 21:37:17 | DEBUG    | SecInterp.sec_interp.core.services.geology_service | get_logger:118 | Thread-133247034452928 | File logging initialized: /home/jmbernales/qgispluginsdev/sec_interp/logs/sec_interp_debug.log
2025-12-26 21:37:17 | DEBUG    | SecInterp.sec_interp.core.services.interpretation_service | get_logger:118 | Thread-133247034452928 | File logging initialized: /home/jmbernales/qgispluginsdev/sec_interp/logs/sec_interp_debug.log
2025-12-26 21:37:17 | DEBUG    | SecInterp.sec_interp.core.services.profile_service | get_logger:118 | Thread-133247034452928 | File logging initialized: /home/jmbernales/qgispluginsdev/sec_interp/logs/sec_interp_debug.log
2025-12-26 21:37:17 | DEBUG    | SecInterp.sec_interp.core.services.structure_service | get_logger:118 | Thread-133247034452928 | File logging initialized: /home/jmbernales/qgispluginsdev/sec_interp/logs/sec_interp_debug.log
2025-12-26 21:37:17 | DEBUG    | SecInterp.sec_interp.core.controller | get_logger:118 | Thread-133247034452928 | File logging initialized: /home/jmbernales/qgispluginsdev/sec_interp/logs/sec_interp_debug.log
2025-12-26 21:53:14 | DEBUG    | SecInterp.sec_interp.core.utils.geometry_utils.filtering | get_logger:118 | Thread-130405963135936 | File logging initialized: /home/jmbernales/qgispluginsdev/sec_interp/logs/sec_interp_debug.log
2025-12-26 21:53:14 | DEBUG    | SecInterp.sec_interp.core.utils.geometry_utils.processing | get_logger:118 | Thread-130405963135936 | File logging initialized: /home/jmbernales/qgispluginsdev/sec_interp/logs/sec_interp_debug.log
2025-12-26 21:53:14 | DEBUG    | SecInterp.sec_interp.core.performance_metrics | get_logger:118 | Thread-130405963135936 | File logging initialized: /home/jmbernales/qgispluginsdev/sec_interp/logs/sec_interp_debug.log
2025-12-26 21:53:14 | DEBUG    | SecInterp.sec_interp.core.utils.sampling | get_logger:118 | Thread-130405963135936 | File logging initialized: /home/jmbernales/qgispluginsdev/sec_interp/logs/sec_interp_debug.log
2025-12-26 21:53:14 | DEBUG    | SecInterp.sec_interp.core.config | get_logger:118 | Thread-130405963135936 | File logging initialized: /home/jmbernales/qgispluginsdev/sec_interp/logs/sec_interp_debug.log
2025-12-26 21:53:14 | DEBUG    | SecInterp.sec_interp.core.data_cache | get_logger:118 | Thread-130405963135936 | File logging initialized: /home/jmbernales/qgispluginsdev/sec_interp/logs/sec_interp_debug.log
2025-12-26 21:53:14 | DEBUG    | SecInterp.sec_interp.core.services.drillhole_service | get_logger:118 | Thread-130405963135936 | File logging initialized: /home/jmbernales/qgispluginsdev/sec_interp/logs/sec_interp_debug.log
2025-12-26 21:53:14 | DEBUG    | SecInterp.sec_interp.core.utils.resource_manager | get_logger:118 | Thread-130405963135936 | File logging initialized: /home/jmbernales/qgispluginsdev/sec_interp/logs/sec_interp_debug.log
2025-12-26 21:53:14 | DEBUG    | SecInterp.sec_interp.core.services.geology_service | get_logger:118 | Thread-130405963135936 | File logging initialized: /home/jmbernales/qgispluginsdev/sec_interp/logs/sec_interp_debug.log
2025-12-26 21:53:14 | DEBUG    | SecInterp.sec_interp.core.services.interpretation_service | get_logger:118 | Thread-130405963135936 | File logging initialized: /home/jmbernales/qgispluginsdev/sec_interp/logs/sec_interp_debug.log
2025-12-26 21:53:14 | DEBUG    | SecInterp.sec_interp.core.services.profile_service | get_logger:118 | Thread-130405963135936 | File logging initialized: /home/jmbernales/qgispluginsdev/sec_interp/logs/sec_interp_debug.log
2025-12-26 21:53:14 | DEBUG    | SecInterp.sec_interp.core.services.structure_service | get_logger:118 | Thread-130405963135936 | File logging initialized: /home/jmbernales/qgispluginsdev/sec_interp/logs/sec_interp_debug.log
2025-12-26 21:53:14 | DEBUG    | SecInterp.sec_interp.core.controller | get_logger:118 | Thread-130405963135936 | File logging initialized: /home/jmbernales/qgispluginsdev/sec_interp/logs/sec_interp_debug.log
2025-12-26 22:33:29 | DEBUG    | SecInterp.sec_interp.core.utils.geometry_utils.filtering | get_logger:118 | Thread-139013319539648 | File logging initialized: /home/jmbernales/qgispluginsdev/sec_interp/logs/sec_interp_debug.log
2025-12-26 22:33:29 | DEBUG    | SecInterp.sec_interp.core.utils.geometry_utils.processing | get_logger:118 | Thread-139013319539648 | File logging initialized: /home/jmbernales/qgispluginsdev/sec_interp/logs/sec_interp_debug.log
2025-12-26 22:33:29 | DEBUG    | SecInterp.sec_interp.core.performance_metrics | get_logger:118 | Thread-139013319539648 | File logging initialized: /home/jmbernales/qgispluginsdev/sec_interp/logs/sec_interp_debug.log
2025-12-26 22:33:29 | DEBUG    | SecInterp.sec_interp.core.utils.sampling | get_logger:118 | Thread-139013319539648 | File logging initialized: /home/jmbernales/qgispluginsdev/sec_interp/logs/sec_interp_debug.log
2025-12-26 22:33:29 | DEBUG    | SecInterp.sec_interp.core.config | get_logger:118 | Thread-139013319539648 | File logging initialized: /home/jmbernales/qgispluginsdev/sec_interp/logs/sec_interp_debug.log
2025-12-26 22:33:29 | DEBUG    | SecInterp.sec_interp.core.data_cache | get_logger:118 | Thread-139013319539648 | File logging initialized: /home/jmbernales/qgispluginsdev/sec_interp/logs/sec_interp_debug.log
2025-12-26 22:33:29 | DEBUG    | SecInterp.sec_interp.core.services.drillhole_service | get_logger:118 | Thread-139013319539648 | File logging initialized: /home/jmbernales/qgispluginsdev/sec_interp/logs/sec_interp_debug.log
2025-12-26 22:33:29 | DEBUG    | SecInterp.sec_interp.core.utils.resource_manager | get_logger:118 | Thread-139013319539648 | File logging initialized: /home/jmbernales/qgispluginsdev/sec_interp/logs/sec_interp_debug.log
2025-12-26 22:33:29 | DEBUG    | SecInterp.sec_interp.core.services.geology_service | get_logger:118 | Thread-139013319539648 | File logging initialized: /home/jmbernales/qgispluginsdev/sec_interp/logs/sec_interp_debug.log
2025-12-26 22:33:29 | DEBUG    | SecInterp.sec_interp.core.services.interpretation_service | get_logger:118 | Thread-139013319539648 | File logging initialized: /home/jmbernales/qgispluginsdev/sec_interp/logs/sec_interp_debug.log
2025-12-26 22:33:29 | DEBUG    | SecInterp.sec_interp.core.services.profile_service | get_logger:118 | Thread-139013319539648 | File logging initialized: /home/jmbernales/qgispluginsdev/sec_interp/logs/sec_interp_debug.log
2025-12-26 22:33:29 | DEBUG    | SecInterp.sec_interp.core.services.structure_service | get_logger:118 | Thread-139013319539648 | File logging initialized: /home/jmbernales/qgispluginsdev/sec_interp/logs/sec_interp_debug.log
2025-12-26 22:33:29 | DEBUG    | SecInterp.sec_interp.core.controller | get_logger:118 | Thread-139013319539648 | File logging initialized: /home/jmbernales/qgispluginsdev/sec_interp/logs/sec_interp_debug.log
2025-12-26 22:39:05 | DEBUG    | SecInterp.sec_interp.core.utils.geometry_utils.filtering | get_logger:118 | Thread-128931239250880 | File logging initialized: /home/jmbernales/qgispluginsdev/sec_interp/logs/sec_interp_debug.log
2025-12-26 22:39:05 | DEBUG    | SecInterp.sec_interp.core.utils.geometry_utils.processing | get_logger:118 | Thread-128931239250880 | File logging initialized: /home/jmbernales/qgispluginsdev/sec_interp/logs/sec_interp_debug.log
2025-12-26 22:39:05 | DEBUG    | SecInterp.sec_interp.core.performance_metrics | get_logger:118 | Thread-128931239250880 | File logging initialized: /home/jmbernales/qgispluginsdev/sec_interp/logs/sec_interp_debug.log
2025-12-26 22:39:05 | DEBUG    | SecInterp.sec_interp.core.utils.sampling | get_logger:118 | Thread-128931239250880 | File logging initialized: /home/jmbernales/qgispluginsdev/sec_interp/logs/sec_interp_debug.log
2025-12-26 22:39:05 | DEBUG    | SecInterp.sec_interp.core.config | get_logger:118 | Thread-128931239250880 | File logging initialized: /home/jmbernales/qgispluginsdev/sec_interp/logs/sec_interp_debug.log
2025-12-26 22:39:05 | DEBUG    | SecInterp.sec_interp.core.data_cache | get_logger:118 | Thread-128931239250880 | File logging initialized: /home/jmbernales/qgispluginsdev/sec_interp/logs/sec_interp_debug.log
2025-12-26 22:39:05 | DEBUG    | SecInterp.sec_interp.core.services.drillhole_service | get_logger:118 | Thread-128931239250880 | File logging initialized: /home/jmbernales/qgispluginsdev/sec_interp/logs/sec_interp_debug.log
2025-12-26 22:39:05 | DEBUG    | SecInterp.sec_interp.core.utils.resource_manager | get_logger:118 | Thread-128931239250880 | File logging initialized: /home/jmbernales/qgispluginsdev/sec_interp/logs/sec_interp_debug.log
2025-12-26 22:39:05 | DEBUG    | SecInterp.sec_interp.core.services.geology_service | get_logger:118 | Thread-128931239250880 | File logging initialized: /home/jmbernales/qgispluginsdev/sec_interp/logs/sec_interp_debug.log
2025-12-26 22:39:05 | DEBUG    | SecInterp.sec_interp.core.services.interpretation_service | get_logger:118 | Thread-128931239250880 | File logging initialized: /home/jmbernales/qgispluginsdev/sec_interp/logs/sec_interp_debug.log
2025-12-26 22:39:05 | DEBUG    | SecInterp.sec_interp.core.services.profile_service | get_logger:118 | Thread-128931239250880 | File logging initialized: /home/jmbernales/qgispluginsdev/sec_interp/logs/sec_interp_debug.log
2025-12-26 22:39:05 | DEBUG    | SecInterp.sec_interp.core.services.structure_service | get_logger:118 | Thread-128931239250880 | File logging initialized: /home/jmbernales/qgispluginsdev/sec_interp/logs/sec_interp_debug.log
2025-12-26 22:39:05 | DEBUG    | SecInterp.sec_interp.core.controller | get_logger:118 | Thread-128931239250880 | File logging initialized: /home/jmbernales/qgispluginsdev/sec_interp/logs/sec_interp_debug.log
2025-12-26 22:42:33 | DEBUG    | SecInterp.sec_interp.core.utils.geometry_utils.filtering | get_logger:118 | Thread-123458206452672 | File logging initialized: /home/jmbernales/qgispluginsdev/sec_interp/logs/sec_interp_debug.log
2025-12-26 22:42:33 | DEBUG    | SecInterp.sec_interp.core.utils.geometry_utils.processing | get_logger:118 | Thread-123458206452672 | File logging initialized: /home/jmbernales/qgispluginsdev/sec_interp/logs/sec_interp_debug.log
2025-12-26 22:42:33 | DEBUG    | SecInterp.sec_interp.core.performance_metrics | get_logger:118 | Thread-123458206452672 | File logging initialized: /home/jmbernales/qgispluginsdev/sec_interp/logs/sec_interp_debug.log
2025-12-26 22:42:33 | DEBUG    | SecInterp.sec_interp.core.utils.sampling | get_logger:118 | Thread-123458206452672 | File logging initialized: /home/jmbernales/qgispluginsdev/sec_interp/logs/sec_interp_debug.log
2025-12-26 22:42:33 | DEBUG    | SecInterp.sec_interp.core.config | get_logger:118 | Thread-123458206452672 | File logging initialized: /home/jmbernales/qgispluginsdev/sec_interp/logs/sec_interp_debug.log
2025-12-26 22:42:33 | DEBUG    | SecInterp.sec_interp.core.data_cache | get_logger:118 | Thread-123458206452672 | File logging initialized: /home/jmbernales/qgispluginsdev/sec_interp/logs/sec_interp_debug.log
2025-12-26 22:42:33 | DEBUG    | SecInterp.sec_interp.core.services.drillhole_service | get_logger:118 | Thread-123458206452672 | File logging initialized: /home/jmbernales/qgispluginsdev/sec_interp/logs/sec_interp_debug.log
2025-12-26 22:42:33 | DEBUG    | SecInterp.sec_interp.core.utils.resource_manager | get_logger:118 | Thread-123458206452672 | File logging initialized: /home/jmbernales/qgispluginsdev/sec_interp/logs/sec_interp_debug.log
2025-12-26 22:42:33 | DEBUG    | SecInterp.sec_interp.core.services.geology_service | get_logger:118 | Thread-123458206452672 | File logging initialized: /home/jmbernales/qgispluginsdev/sec_interp/logs/sec_interp_debug.log
2025-12-26 22:42:33 | DEBUG    | SecInterp.sec_interp.core.services.interpretation_service | get_logger:118 | Thread-123458206452672 | File logging initialized: /home/jmbernales/qgispluginsdev/sec_interp/logs/sec_interp_debug.log
2025-12-26 22:42:33 | DEBUG    | SecInterp.sec_interp.core.services.profile_service | get_logger:118 | Thread-123458206452672 | File logging initialized: /home/jmbernales/qgispluginsdev/sec_interp/logs/sec_interp_debug.log
2025-12-26 22:42:33 | DEBUG    | SecInterp.sec_interp.core.services.structure_service | get_logger:118 | Thread-123458206452672 | File logging initialized: /home/jmbernales/qgispluginsdev/sec_interp/logs/sec_interp_debug.log
2025-12-26 22:42:33 | DEBUG    | SecInterp.sec_interp.core.controller | get_logger:118 | Thread-123458206452672 | File logging initialized: /home/jmbernales/qgispluginsdev/sec_interp/logs/sec_interp_debug.log
2025-12-26 22:45:07 | DEBUG    | SecInterp.sec_interp.core.utils.geometry_utils.filtering | get_logger:118 | Thread-135387473255360 | File logging initialized: /home/jmbernales/qgispluginsdev/sec_interp/logs/sec_interp_debug.log
2025-12-26 22:45:07 | DEBUG    | SecInterp.sec_interp.core.utils.geometry_utils.processing | get_logger:118 | Thread-135387473255360 | File logging initialized: /home/jmbernales/qgispluginsdev/sec_interp/logs/sec_interp_debug.log
2025-12-26 22:45:07 | DEBUG    | SecInterp.sec_interp.core.performance_metrics | get_logger:118 | Thread-135387473255360 | File logging initialized: /home/jmbernales/qgispluginsdev/sec_interp/logs/sec_interp_debug.log
2025-12-26 22:45:07 | DEBUG    | SecInterp.sec_interp.core.utils.sampling | get_logger:118 | Thread-135387473255360 | File logging initialized: /home/jmbernales/qgispluginsdev/sec_interp/logs/sec_interp_debug.log
2025-12-26 22:45:07 | DEBUG    | SecInterp.sec_interp.core.config | get_logger:118 | Thread-135387473255360 | File logging initialized: /home/jmbernales/qgispluginsdev/sec_interp/logs/sec_interp_debug.log
2025-12-26 22:45:07 | DEBUG    | SecInterp.sec_interp.core.data_cache | get_logger:118 | Thread-135387473255360 | File logging initialized: /home/jmbernales/qgispluginsdev/sec_interp/logs/sec_interp_debug.log
2025-12-26 22:45:07 | DEBUG    | SecInterp.sec_interp.core.services.drillhole_service | get_logger:118 | Thread-135387473255360 | File logging initialized: /home/jmbernales/qgispluginsdev/sec_interp/logs/sec_interp_debug.log
2025-12-26 22:45:07 | DEBUG    | SecInterp.sec_interp.core.utils.resource_manager | get_logger:118 | Thread-135387473255360 | File logging initialized: /home/jmbernales/qgispluginsdev/sec_interp/logs/sec_interp_debug.log
2025-12-26 22:45:07 | DEBUG    | SecInterp.sec_interp.core.services.geology_service | get_logger:118 | Thread-135387473255360 | File logging initialized: /home/jmbernales/qgispluginsdev/sec_interp/logs/sec_interp_debug.log
2025-12-26 22:45:07 | DEBUG    | SecInterp.sec_interp.core.services.interpretation_service | get_logger:118 | Thread-135387473255360 | File logging initialized: /home/jmbernales/qgispluginsdev/sec_interp/logs/sec_interp_debug.log
2025-12-26 22:45:07 | DEBUG    | SecInterp.sec_interp.core.services.profile_service | get_logger:118 | Thread-135387473255360 | File logging initialized: /home/jmbernales/qgispluginsdev/sec_interp/logs/sec_interp_debug.log
2025-12-26 22:45:07 | DEBUG    | SecInterp.sec_interp.core.services.structure_service | get_logger:118 | Thread-135387473255360 | File logging initialized: /home/jmbernales/qgispluginsdev/sec_interp/logs/sec_interp_debug.log
2025-12-26 22:45:07 | DEBUG    | SecInterp.sec_interp.core.controller | get_logger:118 | Thread-135387473255360 | File logging initialized: /home/jmbernales/qgispluginsdev/sec_interp/logs/sec_interp_debug.log
2025-12-26 22:51:18 | DEBUG    | SecInterp.sec_interp.core.utils.geometry_utils.filtering | get_logger:118 | Thread-130808536509376 | File logging initialized: /home/jmbernales/qgispluginsdev/sec_interp/logs/sec_interp_debug.log
2025-12-26 22:51:18 | DEBUG    | SecInterp.sec_interp.core.utils.geometry_utils.processing | get_logger:118 | Thread-130808536509376 | File logging initialized: /home/jmbernales/qgispluginsdev/sec_interp/logs/sec_interp_debug.log
2025-12-26 22:51:18 | DEBUG    | SecInterp.sec_interp.core.performance_metrics | get_logger:118 | Thread-130808536509376 | File logging initialized: /home/jmbernales/qgispluginsdev/sec_interp/logs/sec_interp_debug.log
2025-12-26 22:51:18 | DEBUG    | SecInterp.sec_interp.core.utils.sampling | get_logger:118 | Thread-130808536509376 | File logging initialized: /home/jmbernales/qgispluginsdev/sec_interp/logs/sec_interp_debug.log
2025-12-26 22:51:18 | DEBUG    | SecInterp.sec_interp.core.config | get_logger:118 | Thread-130808536509376 | File logging initialized: /home/jmbernales/qgispluginsdev/sec_interp/logs/sec_interp_debug.log
2025-12-26 22:51:18 | DEBUG    | SecInterp.sec_interp.core.data_cache | get_logger:118 | Thread-130808536509376 | File logging initialized: /home/jmbernales/qgispluginsdev/sec_interp/logs/sec_interp_debug.log
2025-12-26 22:51:18 | DEBUG    | SecInterp.sec_interp.core.services.drillhole_service | get_logger:118 | Thread-130808536509376 | File logging initialized: /home/jmbernales/qgispluginsdev/sec_interp/logs/sec_interp_debug.log
2025-12-26 22:51:18 | DEBUG    | SecInterp.sec_interp.core.utils.resource_manager | get_logger:118 | Thread-130808536509376 | File logging initialized: /home/jmbernales/qgispluginsdev/sec_interp/logs/sec_interp_debug.log
2025-12-26 22:51:18 | DEBUG    | SecInterp.sec_interp.core.services.geology_service | get_logger:118 | Thread-130808536509376 | File logging initialized: /home/jmbernales/qgispluginsdev/sec_interp/logs/sec_interp_debug.log
2025-12-26 22:51:18 | DEBUG    | SecInterp.sec_interp.core.services.interpretation_service | get_logger:118 | Thread-130808536509376 | File logging initialized: /home/jmbernales/qgispluginsdev/sec_interp/logs/sec_interp_debug.log
2025-12-26 22:51:18 | DEBUG    | SecInterp.sec_interp.core.services.profile_service | get_logger:118 | Thread-130808536509376 | File logging initialized: /home/jmbernales/qgispluginsdev/sec_interp/logs/sec_interp_debug.log
2025-12-26 22:51:18 | DEBUG    | SecInterp.sec_interp.core.services.structure_service | get_logger:118 | Thread-130808536509376 | File logging initialized: /home/jmbernales/qgispluginsdev/sec_interp/logs/sec_interp_debug.log
2025-12-26 22:51:18 | DEBUG    | SecInterp.sec_interp.core.controller | get_logger:118 | Thread-130808536509376 | File logging initialized: /home/jmbernales/qgispluginsdev/sec_interp/logs/sec_interp_debug.log
2025-12-26 22:51:18 | DEBUG    | SecInterp.sec_interp.exporters.csv_exporter | get_logger:118 | Thread-130808536509376 | File logging initialized: /home/jmbernales/qgispluginsdev/sec_interp/logs/sec_interp_debug.log
2025-12-26 22:51:18 | DEBUG    | SecInterp.sec_interp.exporters.drillhole_exporters | get_logger:118 | Thread-130808536509376 | File logging initialized: /home/jmbernales/qgispluginsdev/sec_interp/logs/sec_interp_debug.log
2025-12-26 22:51:18 | DEBUG    | SecInterp.sec_interp.exporters.image_exporter | get_logger:118 | Thread-130808536509376 | File logging initialized: /home/jmbernales/qgispluginsdev/sec_interp/logs/sec_interp_debug.log
2025-12-26 22:51:18 | DEBUG    | SecInterp.sec_interp.exporters.pdf_exporter | get_logger:118 | Thread-130808536509376 | File logging initialized: /home/jmbernales/qgispluginsdev/sec_interp/logs/sec_interp_debug.log
2025-12-26 22:51:18 | DEBUG    | SecInterp.sec_interp.exporters.profile_exporters | get_logger:118 | Thread-130808536509376 | File logging initialized: /home/jmbernales/qgispluginsdev/sec_interp/logs/sec_interp_debug.log
2025-12-26 22:51:18 | DEBUG    | SecInterp.sec_interp.exporters.shp_exporter | get_logger:118 | Thread-130808536509376 | File logging initialized: /home/jmbernales/qgispluginsdev/sec_interp/logs/sec_interp_debug.log
2025-12-26 22:51:18 | DEBUG    | SecInterp.sec_interp.exporters.svg_exporter | get_logger:118 | Thread-130808536509376 | File logging initialized: /home/jmbernales/qgispluginsdev/sec_interp/logs/sec_interp_debug.log
2025-12-26 23:27:08 | DEBUG    | SecInterp.sec_interp.core.performance_metrics | get_logger:118 | Thread-127880901893056 | File logging initialized: /home/jmbernales/qgispluginsdev/sec_interp/logs/sec_interp_debug.log
2025-12-26 23:27:08 | DEBUG    | SecInterp.sec_interp.exporters.csv_exporter | get_logger:118 | Thread-127880901893056 | File logging initialized: /home/jmbernales/qgispluginsdev/sec_interp/logs/sec_interp_debug.log
2025-12-26 23:27:08 | DEBUG    | SecInterp.sec_interp.core.utils.geometry_utils.filtering | get_logger:118 | Thread-127880901893056 | File logging initialized: /home/jmbernales/qgispluginsdev/sec_interp/logs/sec_interp_debug.log
2025-12-26 23:27:08 | DEBUG    | SecInterp.sec_interp.core.utils.geometry_utils.processing | get_logger:118 | Thread-127880901893056 | File logging initialized: /home/jmbernales/qgispluginsdev/sec_interp/logs/sec_interp_debug.log
2025-12-26 23:27:08 | DEBUG    | SecInterp.sec_interp.core.utils.sampling | get_logger:118 | Thread-127880901893056 | File logging initialized: /home/jmbernales/qgispluginsdev/sec_interp/logs/sec_interp_debug.log
2025-12-26 23:27:08 | DEBUG    | SecInterp.sec_interp.exporters.drillhole_exporters | get_logger:118 | Thread-127880901893056 | File logging initialized: /home/jmbernales/qgispluginsdev/sec_interp/logs/sec_interp_debug.log
2025-12-26 23:27:08 | DEBUG    | SecInterp.sec_interp.exporters.image_exporter | get_logger:118 | Thread-127880901893056 | File logging initialized: /home/jmbernales/qgispluginsdev/sec_interp/logs/sec_interp_debug.log
2025-12-26 23:27:08 | DEBUG    | SecInterp.sec_interp.exporters.pdf_exporter | get_logger:118 | Thread-127880901893056 | File logging initialized: /home/jmbernales/qgispluginsdev/sec_interp/logs/sec_interp_debug.log
2025-12-26 23:27:08 | DEBUG    | SecInterp.sec_interp.exporters.profile_exporters | get_logger:118 | Thread-127880901893056 | File logging initialized: /home/jmbernales/qgispluginsdev/sec_interp/logs/sec_interp_debug.log
2025-12-26 23:27:08 | DEBUG    | SecInterp.sec_interp.exporters.shp_exporter | get_logger:118 | Thread-127880901893056 | File logging initialized: /home/jmbernales/qgispluginsdev/sec_interp/logs/sec_interp_debug.log
2025-12-26 23:27:08 | DEBUG    | SecInterp.sec_interp.exporters.svg_exporter | get_logger:118 | Thread-127880901893056 | File logging initialized: /home/jmbernales/qgispluginsdev/sec_interp/logs/sec_interp_debug.log
2025-12-26 23:33:20 | DEBUG    | SecInterp.sec_interp.core.utils.geometry_utils.filtering | get_logger:118 | Thread-137854546078656 | File logging initialized: /home/jmbernales/qgispluginsdev/sec_interp/logs/sec_interp_debug.log
2025-12-26 23:33:20 | DEBUG    | SecInterp.sec_interp.core.utils.geometry_utils.processing | get_logger:118 | Thread-137854546078656 | File logging initialized: /home/jmbernales/qgispluginsdev/sec_interp/logs/sec_interp_debug.log
2025-12-26 23:33:20 | DEBUG    | SecInterp.sec_interp.core.performance_metrics | get_logger:118 | Thread-137854546078656 | File logging initialized: /home/jmbernales/qgispluginsdev/sec_interp/logs/sec_interp_debug.log
2025-12-26 23:33:20 | DEBUG    | SecInterp.sec_interp.core.utils.sampling | get_logger:118 | Thread-137854546078656 | File logging initialized: /home/jmbernales/qgispluginsdev/sec_interp/logs/sec_interp_debug.log
2025-12-26 23:33:20 | DEBUG    | SecInterp.sec_interp.core.config | get_logger:118 | Thread-137854546078656 | File logging initialized: /home/jmbernales/qgispluginsdev/sec_interp/logs/sec_interp_debug.log
2025-12-26 23:33:20 | DEBUG    | SecInterp.sec_interp.core.data_cache | get_logger:118 | Thread-137854546078656 | File logging initialized: /home/jmbernales/qgispluginsdev/sec_interp/logs/sec_interp_debug.log
2025-12-26 23:33:20 | DEBUG    | SecInterp.sec_interp.core.services.drillhole_service | get_logger:118 | Thread-137854546078656 | File logging initialized: /home/jmbernales/qgispluginsdev/sec_interp/logs/sec_interp_debug.log
2025-12-26 23:33:20 | DEBUG    | SecInterp.sec_interp.core.utils.resource_manager | get_logger:118 | Thread-137854546078656 | File logging initialized: /home/jmbernales/qgispluginsdev/sec_interp/logs/sec_interp_debug.log
2025-12-26 23:33:20 | DEBUG    | SecInterp.sec_interp.core.services.geology_service | get_logger:118 | Thread-137854546078656 | File logging initialized: /home/jmbernales/qgispluginsdev/sec_interp/logs/sec_interp_debug.log
2025-12-26 23:33:20 | DEBUG    | SecInterp.sec_interp.core.services.interpretation_service | get_logger:118 | Thread-137854546078656 | File logging initialized: /home/jmbernales/qgispluginsdev/sec_interp/logs/sec_interp_debug.log
2025-12-26 23:33:20 | DEBUG    | SecInterp.sec_interp.core.services.profile_service | get_logger:118 | Thread-137854546078656 | File logging initialized: /home/jmbernales/qgispluginsdev/sec_interp/logs/sec_interp_debug.log
2025-12-26 23:33:20 | DEBUG    | SecInterp.sec_interp.core.services.structure_service | get_logger:118 | Thread-137854546078656 | File logging initialized: /home/jmbernales/qgispluginsdev/sec_interp/logs/sec_interp_debug.log
2025-12-26 23:33:20 | DEBUG    | SecInterp.sec_interp.core.controller | get_logger:118 | Thread-137854546078656 | File logging initialized: /home/jmbernales/qgispluginsdev/sec_interp/logs/sec_interp_debug.log
2025-12-28 08:48:59 | DEBUG    | SecInterp.sec_interp.core.config | get_logger:126 | Thread-132628687465408 | File logging initialized: /home/jmbernales/qgispluginsdev/sec_interp/logs/sec_interp_debug.log
2025-12-28 08:48:59 | DEBUG    | SecInterp.sec_interp.core.utils.geometry_utils.filtering | get_logger:126 | Thread-132628687465408 | File logging initialized: /home/jmbernales/qgispluginsdev/sec_interp/logs/sec_interp_debug.log
2025-12-28 08:48:59 | DEBUG    | SecInterp.sec_interp.core.utils.geometry_utils.processing | get_logger:126 | Thread-132628687465408 | File logging initialized: /home/jmbernales/qgispluginsdev/sec_interp/logs/sec_interp_debug.log
2025-12-28 08:48:59 | DEBUG    | SecInterp.sec_interp.core.performance_metrics | get_logger:126 | Thread-132628687465408 | File logging initialized: /home/jmbernales/qgispluginsdev/sec_interp/logs/sec_interp_debug.log
2025-12-28 08:48:59 | DEBUG    | SecInterp.sec_interp.core.utils.sampling | get_logger:126 | Thread-132628687465408 | File logging initialized: /home/jmbernales/qgispluginsdev/sec_interp/logs/sec_interp_debug.log
2025-12-28 08:48:59 | DEBUG    | SecInterp.sec_interp.core.data_cache | get_logger:126 | Thread-132628687465408 | File logging initialized: /home/jmbernales/qgispluginsdev/sec_interp/logs/sec_interp_debug.log
2025-12-28 08:48:59 | DEBUG    | SecInterp.sec_interp.core.services.drillhole_service | get_logger:126 | Thread-132628687465408 | File logging initialized: /home/jmbernales/qgispluginsdev/sec_interp/logs/sec_interp_debug.log
2025-12-28 08:48:59 | DEBUG    | SecInterp.sec_interp.core.utils.resource_manager | get_logger:126 | Thread-132628687465408 | File logging initialized: /home/jmbernales/qgispluginsdev/sec_interp/logs/sec_interp_debug.log
2025-12-28 08:48:59 | DEBUG    | SecInterp.sec_interp.core.services.geology_service | get_logger:126 | Thread-132628687465408 | File logging initialized: /home/jmbernales/qgispluginsdev/sec_interp/logs/sec_interp_debug.log
2025-12-28 08:48:59 | DEBUG    | SecInterp.sec_interp.core.services.profile_service | get_logger:126 | Thread-132628687465408 | File logging initialized: /home/jmbernales/qgispluginsdev/sec_interp/logs/sec_interp_debug.log
2025-12-28 08:48:59 | DEBUG    | SecInterp.sec_interp.core.services.structure_service | get_logger:126 | Thread-132628687465408 | File logging initialized: /home/jmbernales/qgispluginsdev/sec_interp/logs/sec_interp_debug.log
2025-12-28 08:48:59 | DEBUG    | SecInterp.sec_interp.core.services.export_service | get_logger:126 | Thread-132628687465408 | File logging initialized: /home/jmbernales/qgispluginsdev/sec_interp/logs/sec_interp_debug.log
2025-12-28 08:48:59 | DEBUG    | SecInterp.sec_interp.core.services.preview_service | get_logger:126 | Thread-132628687465408 | File logging initialized: /home/jmbernales/qgispluginsdev/sec_interp/logs/sec_interp_debug.log
2025-12-28 08:49:00 | DEBUG    | SecInterp.sec_interp.core.utils.geometry_utils.optimization | get_logger:126 | Thread-132628687465408 | File logging initialized: /home/jmbernales/qgispluginsdev/sec_interp/logs/sec_interp_debug.log
2025-12-28 08:49:00 | DEBUG    | SecInterp.sec_interp.exporters.csv_exporter | get_logger:126 | Thread-132628687465408 | File logging initialized: /home/jmbernales/qgispluginsdev/sec_interp/logs/sec_interp_debug.log
2025-12-28 08:49:00 | DEBUG    | SecInterp.sec_interp.exporters.drillhole_exporters | get_logger:126 | Thread-132628687465408 | File logging initialized: /home/jmbernales/qgispluginsdev/sec_interp/logs/sec_interp_debug.log
2025-12-28 08:49:00 | DEBUG    | SecInterp.sec_interp.exporters.interpretation_exporters | get_logger:126 | Thread-132628687465408 | File logging initialized: /home/jmbernales/qgispluginsdev/sec_interp/logs/sec_interp_debug.log
2025-12-28 08:49:00 | DEBUG    | SecInterp.sec_interp.exporters.image_exporter | get_logger:126 | Thread-132628687465408 | File logging initialized: /home/jmbernales/qgispluginsdev/sec_interp/logs/sec_interp_debug.log
2025-12-28 08:49:00 | DEBUG    | SecInterp.sec_interp.exporters.pdf_exporter | get_logger:126 | Thread-132628687465408 | File logging initialized: /home/jmbernales/qgispluginsdev/sec_interp/logs/sec_interp_debug.log
2025-12-28 08:49:00 | DEBUG    | SecInterp.sec_interp.exporters.profile_exporters | get_logger:126 | Thread-132628687465408 | File logging initialized: /home/jmbernales/qgispluginsdev/sec_interp/logs/sec_interp_debug.log
2025-12-28 08:49:00 | DEBUG    | SecInterp.sec_interp.exporters.shp_exporter | get_logger:126 | Thread-132628687465408 | File logging initialized: /home/jmbernales/qgispluginsdev/sec_interp/logs/sec_interp_debug.log
2025-12-28 08:49:00 | DEBUG    | SecInterp.sec_interp.exporters.svg_exporter | get_logger:126 | Thread-132628687465408 | File logging initialized: /home/jmbernales/qgispluginsdev/sec_interp/logs/sec_interp_debug.log
2025-12-28 08:49:00 | DEBUG    | SecInterp.sec_interp.gui.utils | get_logger:126 | Thread-132628687465408 | File logging initialized: /home/jmbernales/qgispluginsdev/sec_interp/logs/sec_interp_debug.log
2025-12-28 08:49:00 | DEBUG    | SecInterp.sec_interp.gui.main_dialog | get_logger:126 | Thread-132628687465408 | File logging initialized: /home/jmbernales/qgispluginsdev/sec_interp/logs/sec_interp_debug.log
2025-12-28 08:49:00 | DEBUG    | SecInterp.sec_interp.gui.main_dialog_export | get_logger:126 | Thread-132628687465408 | File logging initialized: /home/jmbernales/qgispluginsdev/sec_interp/logs/sec_interp_debug.log
2025-12-28 08:49:00 | DEBUG    | SecInterp.sec_interp.gui.services.parallel_geology_service | get_logger:126 | Thread-132628687465408 | File logging initialized: /home/jmbernales/qgispluginsdev/sec_interp/logs/sec_interp_debug.log
2025-12-28 08:49:00 | DEBUG    | SecInterp.sec_interp.gui.main_dialog_preview | get_logger:126 | Thread-132628687465408 | File logging initialized: /home/jmbernales/qgispluginsdev/sec_interp/logs/sec_interp_debug.log
2025-12-28 08:49:00 | DEBUG    | SecInterp.sec_interp.gui.main_dialog_signals | get_logger:126 | Thread-132628687465408 | File logging initialized: /home/jmbernales/qgispluginsdev/sec_interp/logs/sec_interp_debug.log
2025-12-28 08:49:00 | DEBUG    | SecInterp.sec_interp.gui.tools.measure_tool | get_logger:126 | Thread-132628687465408 | File logging initialized: /home/jmbernales/qgispluginsdev/sec_interp/logs/sec_interp_debug.log
2025-12-28 08:49:00 | DEBUG    | SecInterp.sec_interp.gui.tools.interpretation_tool | get_logger:126 | Thread-132628687465408 | File logging initialized: /home/jmbernales/qgispluginsdev/sec_interp/logs/sec_interp_debug.log
2025-12-28 08:49:00 | DEBUG    | SecInterp.sec_interp.gui.ui.pages.drillhole_page | get_logger:126 | Thread-132628687465408 | File logging initialized: /home/jmbernales/qgispluginsdev/sec_interp/logs/sec_interp_debug.log
2025-12-28 08:49:00 | DEBUG    | SecInterp.sec_interp.gui.preview_axes_manager | get_logger:126 | Thread-132628687465408 | File logging initialized: /home/jmbernales/qgispluginsdev/sec_interp/logs/sec_interp_debug.log
2025-12-28 08:49:00 | DEBUG    | SecInterp.sec_interp.gui.preview_layer_factory | get_logger:126 | Thread-132628687465408 | File logging initialized: /home/jmbernales/qgispluginsdev/sec_interp/logs/sec_interp_debug.log
2025-12-28 08:49:00 | DEBUG    | SecInterp.sec_interp.gui.preview_legend_renderer | get_logger:126 | Thread-132628687465408 | File logging initialized: /home/jmbernales/qgispluginsdev/sec_interp/logs/sec_interp_debug.log
2025-12-28 08:49:00 | DEBUG    | SecInterp.sec_interp.gui.preview_renderer | get_logger:126 | Thread-132628687465408 | File logging initialized: /home/jmbernales/qgispluginsdev/sec_interp/logs/sec_interp_debug.log
2025-12-28 08:49:46 | DEBUG    | SecInterp.sec_interp.core.utils.geometry_utils.filtering | get_logger:126 | Thread-139331017341888 | File logging initialized: /home/jmbernales/qgispluginsdev/sec_interp/logs/sec_interp_debug.log
2025-12-28 08:49:46 | DEBUG    | SecInterp.sec_interp.core.utils.geometry_utils.processing | get_logger:126 | Thread-139331017341888 | File logging initialized: /home/jmbernales/qgispluginsdev/sec_interp/logs/sec_interp_debug.log
2025-12-28 08:49:46 | DEBUG    | SecInterp.sec_interp.core.performance_metrics | get_logger:126 | Thread-139331017341888 | File logging initialized: /home/jmbernales/qgispluginsdev/sec_interp/logs/sec_interp_debug.log
2025-12-28 08:49:46 | DEBUG    | SecInterp.sec_interp.core.utils.sampling | get_logger:126 | Thread-139331017341888 | File logging initialized: /home/jmbernales/qgispluginsdev/sec_interp/logs/sec_interp_debug.log
2025-12-28 08:49:46 | DEBUG    | SecInterp.sec_interp.core.config | get_logger:126 | Thread-139331017341888 | File logging initialized: /home/jmbernales/qgispluginsdev/sec_interp/logs/sec_interp_debug.log
2025-12-28 08:49:46 | DEBUG    | SecInterp.sec_interp.core.data_cache | get_logger:126 | Thread-139331017341888 | File logging initialized: /home/jmbernales/qgispluginsdev/sec_interp/logs/sec_interp_debug.log
2025-12-28 08:49:46 | DEBUG    | SecInterp.sec_interp.core.services.drillhole_service | get_logger:126 | Thread-139331017341888 | File logging initialized: /home/jmbernales/qgispluginsdev/sec_interp/logs/sec_interp_debug.log
2025-12-28 08:49:46 | DEBUG    | SecInterp.sec_interp.core.utils.resource_manager | get_logger:126 | Thread-139331017341888 | File logging initialized: /home/jmbernales/qgispluginsdev/sec_interp/logs/sec_interp_debug.log
2025-12-28 08:49:46 | DEBUG    | SecInterp.sec_interp.core.services.geology_service | get_logger:126 | Thread-139331017341888 | File logging initialized: /home/jmbernales/qgispluginsdev/sec_interp/logs/sec_interp_debug.log
2025-12-28 08:49:46 | DEBUG    | SecInterp.sec_interp.core.services.profile_service | get_logger:126 | Thread-139331017341888 | File logging initialized: /home/jmbernales/qgispluginsdev/sec_interp/logs/sec_interp_debug.log
2025-12-28 08:49:46 | DEBUG    | SecInterp.sec_interp.core.services.structure_service | get_logger:126 | Thread-139331017341888 | File logging initialized: /home/jmbernales/qgispluginsdev/sec_interp/logs/sec_interp_debug.log
2025-12-28 08:49:46 | DEBUG    | SecInterp.sec_interp.core.controller | get_logger:126 | Thread-139331017341888 | File logging initialized: /home/jmbernales/qgispluginsdev/sec_interp/logs/sec_interp_debug.log
2025-12-28 08:49:46 | DEBUG    | SecInterp.sec_interp.core.services.export_service | get_logger:126 | Thread-139331017341888 | File logging initialized: /home/jmbernales/qgispluginsdev/sec_interp/logs/sec_interp_debug.log
2025-12-28 08:49:46 | DEBUG    | SecInterp.sec_interp.exporters.csv_exporter | get_logger:126 | Thread-139331017341888 | File logging initialized: /home/jmbernales/qgispluginsdev/sec_interp/logs/sec_interp_debug.log
2025-12-28 08:49:46 | DEBUG    | SecInterp.sec_interp.exporters.drillhole_exporters | get_logger:126 | Thread-139331017341888 | File logging initialized: /home/jmbernales/qgispluginsdev/sec_interp/logs/sec_interp_debug.log
2025-12-28 08:49:46 | DEBUG    | SecInterp.sec_interp.exporters.interpretation_exporters | get_logger:126 | Thread-139331017341888 | File logging initialized: /home/jmbernales/qgispluginsdev/sec_interp/logs/sec_interp_debug.log
2025-12-28 08:49:46 | DEBUG    | SecInterp.sec_interp.exporters.image_exporter | get_logger:126 | Thread-139331017341888 | File logging initialized: /home/jmbernales/qgispluginsdev/sec_interp/logs/sec_interp_debug.log
2025-12-28 08:49:46 | DEBUG    | SecInterp.sec_interp.exporters.pdf_exporter | get_logger:126 | Thread-139331017341888 | File logging initialized: /home/jmbernales/qgispluginsdev/sec_interp/logs/sec_interp_debug.log
2025-12-28 08:49:46 | DEBUG    | SecInterp.sec_interp.exporters.profile_exporters | get_logger:126 | Thread-139331017341888 | File logging initialized: /home/jmbernales/qgispluginsdev/sec_interp/logs/sec_interp_debug.log
2025-12-28 08:49:46 | DEBUG    | SecInterp.sec_interp.exporters.shp_exporter | get_logger:126 | Thread-139331017341888 | File logging initialized: /home/jmbernales/qgispluginsdev/sec_interp/logs/sec_interp_debug.log
2025-12-28 08:49:46 | DEBUG    | SecInterp.sec_interp.exporters.svg_exporter | get_logger:126 | Thread-139331017341888 | File logging initialized: /home/jmbernales/qgispluginsdev/sec_interp/logs/sec_interp_debug.log
2025-12-28 08:49:46 | DEBUG    | SecInterp.sec_interp.gui.utils | get_logger:126 | Thread-139331017341888 | File logging initialized: /home/jmbernales/qgispluginsdev/sec_interp/logs/sec_interp_debug.log
2025-12-28 08:49:46 | DEBUG    | SecInterp.sec_interp.gui.main_dialog | get_logger:126 | Thread-139331017341888 | File logging initialized: /home/jmbernales/qgispluginsdev/sec_interp/logs/sec_interp_debug.log
2025-12-28 08:49:46 | DEBUG    | SecInterp.sec_interp.gui.main_dialog_export | get_logger:126 | Thread-139331017341888 | File logging initialized: /home/jmbernales/qgispluginsdev/sec_interp/logs/sec_interp_debug.log
2025-12-28 08:49:46 | DEBUG    | SecInterp.sec_interp.core.services.preview_service | get_logger:126 | Thread-139331017341888 | File logging initialized: /home/jmbernales/qgispluginsdev/sec_interp/logs/sec_interp_debug.log
2025-12-28 08:49:46 | DEBUG    | SecInterp.sec_interp.gui.services.parallel_geology_service | get_logger:126 | Thread-139331017341888 | File logging initialized: /home/jmbernales/qgispluginsdev/sec_interp/logs/sec_interp_debug.log
2025-12-28 08:49:46 | DEBUG    | SecInterp.sec_interp.gui.main_dialog_preview | get_logger:126 | Thread-139331017341888 | File logging initialized: /home/jmbernales/qgispluginsdev/sec_interp/logs/sec_interp_debug.log
2025-12-28 08:49:46 | DEBUG    | SecInterp.sec_interp.gui.main_dialog_signals | get_logger:126 | Thread-139331017341888 | File logging initialized: /home/jmbernales/qgispluginsdev/sec_interp/logs/sec_interp_debug.log
2025-12-28 08:49:46 | DEBUG    | SecInterp.sec_interp.gui.tools.measure_tool | get_logger:126 | Thread-139331017341888 | File logging initialized: /home/jmbernales/qgispluginsdev/sec_interp/logs/sec_interp_debug.log
2025-12-28 08:49:46 | DEBUG    | SecInterp.sec_interp.gui.tools.interpretation_tool | get_logger:126 | Thread-139331017341888 | File logging initialized: /home/jmbernales/qgispluginsdev/sec_interp/logs/sec_interp_debug.log
2025-12-28 08:49:46 | DEBUG    | SecInterp.sec_interp.gui.ui.pages.drillhole_page | get_logger:126 | Thread-139331017341888 | File logging initialized: /home/jmbernales/qgispluginsdev/sec_interp/logs/sec_interp_debug.log
2025-12-28 08:49:46 | DEBUG    | SecInterp.sec_interp.gui.preview_axes_manager | get_logger:126 | Thread-139331017341888 | File logging initialized: /home/jmbernales/qgispluginsdev/sec_interp/logs/sec_interp_debug.log
2025-12-28 08:49:46 | DEBUG    | SecInterp.sec_interp.core.utils.geometry_utils.optimization | get_logger:126 | Thread-139331017341888 | File logging initialized: /home/jmbernales/qgispluginsdev/sec_interp/logs/sec_interp_debug.log
2025-12-28 08:49:46 | DEBUG    | SecInterp.sec_interp.gui.preview_layer_factory | get_logger:126 | Thread-139331017341888 | File logging initialized: /home/jmbernales/qgispluginsdev/sec_interp/logs/sec_interp_debug.log
2025-12-28 08:49:46 | DEBUG    | SecInterp.sec_interp.gui.preview_legend_renderer | get_logger:126 | Thread-139331017341888 | File logging initialized: /home/jmbernales/qgispluginsdev/sec_interp/logs/sec_interp_debug.log
2025-12-28 08:49:46 | DEBUG    | SecInterp.sec_interp.gui.preview_renderer | get_logger:126 | Thread-139331017341888 | File logging initialized: /home/jmbernales/qgispluginsdev/sec_interp/logs/sec_interp_debug.log
2025-12-28 08:49:46 | DEBUG    | SecInterp.sec_interp.sec_interp_plugin | get_logger:126 | Thread-139331017341888 | File logging initialized: /home/jmbernales/qgispluginsdev/sec_interp/logs/sec_interp_debug.log
2025-12-28 08:53:25 | DEBUG    | SecInterp.sec_interp.core.utils.geometry_utils.filtering | get_logger:126 | Thread-134777891965888 | File logging initialized: /home/jmbernales/qgispluginsdev/sec_interp/logs/sec_interp_debug.log
2025-12-28 08:53:25 | DEBUG    | SecInterp.sec_interp.core.utils.geometry_utils.processing | get_logger:126 | Thread-134777891965888 | File logging initialized: /home/jmbernales/qgispluginsdev/sec_interp/logs/sec_interp_debug.log
2025-12-28 08:53:25 | DEBUG    | SecInterp.sec_interp.core.performance_metrics | get_logger:126 | Thread-134777891965888 | File logging initialized: /home/jmbernales/qgispluginsdev/sec_interp/logs/sec_interp_debug.log
2025-12-28 08:53:25 | DEBUG    | SecInterp.sec_interp.core.utils.sampling | get_logger:126 | Thread-134777891965888 | File logging initialized: /home/jmbernales/qgispluginsdev/sec_interp/logs/sec_interp_debug.log
2025-12-28 08:53:25 | DEBUG    | SecInterp.sec_interp.exporters.csv_exporter | get_logger:126 | Thread-134777891965888 | File logging initialized: /home/jmbernales/qgispluginsdev/sec_interp/logs/sec_interp_debug.log
2025-12-28 08:53:25 | DEBUG    | SecInterp.sec_interp.exporters.drillhole_exporters | get_logger:126 | Thread-134777891965888 | File logging initialized: /home/jmbernales/qgispluginsdev/sec_interp/logs/sec_interp_debug.log
2025-12-28 08:53:25 | DEBUG    | SecInterp.sec_interp.exporters.interpretation_exporters | get_logger:126 | Thread-134777891965888 | File logging initialized: /home/jmbernales/qgispluginsdev/sec_interp/logs/sec_interp_debug.log
2025-12-28 08:53:25 | DEBUG    | SecInterp.sec_interp.exporters.image_exporter | get_logger:126 | Thread-134777891965888 | File logging initialized: /home/jmbernales/qgispluginsdev/sec_interp/logs/sec_interp_debug.log
2025-12-28 08:53:25 | DEBUG    | SecInterp.sec_interp.exporters.pdf_exporter | get_logger:126 | Thread-134777891965888 | File logging initialized: /home/jmbernales/qgispluginsdev/sec_interp/logs/sec_interp_debug.log
2025-12-28 08:53:25 | DEBUG    | SecInterp.sec_interp.exporters.profile_exporters | get_logger:126 | Thread-134777891965888 | File logging initialized: /home/jmbernales/qgispluginsdev/sec_interp/logs/sec_interp_debug.log
2025-12-28 08:53:25 | DEBUG    | SecInterp.sec_interp.exporters.shp_exporter | get_logger:126 | Thread-134777891965888 | File logging initialized: /home/jmbernales/qgispluginsdev/sec_interp/logs/sec_interp_debug.log
2025-12-28 08:53:25 | DEBUG    | SecInterp.sec_interp.exporters.svg_exporter | get_logger:126 | Thread-134777891965888 | File logging initialized: /home/jmbernales/qgispluginsdev/sec_interp/logs/sec_interp_debug.log
2025-12-28 08:53:25 | DEBUG    | SecInterp.sec_interp.gui.utils | get_logger:126 | Thread-134777891965888 | File logging initialized: /home/jmbernales/qgispluginsdev/sec_interp/logs/sec_interp_debug.log
2025-12-28 08:53:26 | DEBUG    | SecInterp.sec_interp.gui.main_dialog | get_logger:126 | Thread-134777891965888 | File logging initialized: /home/jmbernales/qgispluginsdev/sec_interp/logs/sec_interp_debug.log
2025-12-28 08:53:26 | DEBUG    | SecInterp.sec_interp.core.services.drillhole_service | get_logger:126 | Thread-134777891965888 | File logging initialized: /home/jmbernales/qgispluginsdev/sec_interp/logs/sec_interp_debug.log
2025-12-28 08:53:26 | DEBUG    | SecInterp.sec_interp.core.utils.resource_manager | get_logger:126 | Thread-134777891965888 | File logging initialized: /home/jmbernales/qgispluginsdev/sec_interp/logs/sec_interp_debug.log
2025-12-28 08:53:26 | DEBUG    | SecInterp.sec_interp.core.services.geology_service | get_logger:126 | Thread-134777891965888 | File logging initialized: /home/jmbernales/qgispluginsdev/sec_interp/logs/sec_interp_debug.log
2025-12-28 08:53:26 | DEBUG    | SecInterp.sec_interp.core.services.profile_service | get_logger:126 | Thread-134777891965888 | File logging initialized: /home/jmbernales/qgispluginsdev/sec_interp/logs/sec_interp_debug.log
2025-12-28 08:53:26 | DEBUG    | SecInterp.sec_interp.core.services.structure_service | get_logger:126 | Thread-134777891965888 | File logging initialized: /home/jmbernales/qgispluginsdev/sec_interp/logs/sec_interp_debug.log
2025-12-28 08:53:26 | DEBUG    | SecInterp.sec_interp.core.services.export_service | get_logger:126 | Thread-134777891965888 | File logging initialized: /home/jmbernales/qgispluginsdev/sec_interp/logs/sec_interp_debug.log
2025-12-28 08:53:26 | DEBUG    | SecInterp.sec_interp.gui.main_dialog_export | get_logger:126 | Thread-134777891965888 | File logging initialized: /home/jmbernales/qgispluginsdev/sec_interp/logs/sec_interp_debug.log
2025-12-28 08:53:26 | DEBUG    | SecInterp.sec_interp.core.services.preview_service | get_logger:126 | Thread-134777891965888 | File logging initialized: /home/jmbernales/qgispluginsdev/sec_interp/logs/sec_interp_debug.log
2025-12-28 08:53:26 | DEBUG    | SecInterp.sec_interp.gui.services.parallel_geology_service | get_logger:126 | Thread-134777891965888 | File logging initialized: /home/jmbernales/qgispluginsdev/sec_interp/logs/sec_interp_debug.log
2025-12-28 08:53:26 | DEBUG    | SecInterp.sec_interp.gui.main_dialog_preview | get_logger:126 | Thread-134777891965888 | File logging initialized: /home/jmbernales/qgispluginsdev/sec_interp/logs/sec_interp_debug.log
2025-12-28 08:53:26 | DEBUG    | SecInterp.sec_interp.gui.main_dialog_signals | get_logger:126 | Thread-134777891965888 | File logging initialized: /home/jmbernales/qgispluginsdev/sec_interp/logs/sec_interp_debug.log
2025-12-28 08:53:26 | DEBUG    | SecInterp.sec_interp.gui.tools.measure_tool | get_logger:126 | Thread-134777891965888 | File logging initialized: /home/jmbernales/qgispluginsdev/sec_interp/logs/sec_interp_debug.log
2025-12-28 08:53:26 | DEBUG    | SecInterp.sec_interp.gui.tools.interpretation_tool | get_logger:126 | Thread-134777891965888 | File logging initialized: /home/jmbernales/qgispluginsdev/sec_interp/logs/sec_interp_debug.log
2025-12-28 08:53:26 | DEBUG    | SecInterp.sec_interp.gui.ui.pages.drillhole_page | get_logger:126 | Thread-134777891965888 | File logging initialized: /home/jmbernales/qgispluginsdev/sec_interp/logs/sec_interp_debug.log
2025-12-28 08:53:26 | DEBUG    | SecInterp.sec_interp.gui.preview_axes_manager | get_logger:126 | Thread-134777891965888 | File logging initialized: /home/jmbernales/qgispluginsdev/sec_interp/logs/sec_interp_debug.log
2025-12-28 08:53:26 | DEBUG    | SecInterp.sec_interp.core.utils.geometry_utils.optimization | get_logger:126 | Thread-134777891965888 | File logging initialized: /home/jmbernales/qgispluginsdev/sec_interp/logs/sec_interp_debug.log
2025-12-28 08:53:26 | DEBUG    | SecInterp.sec_interp.gui.preview_layer_factory | get_logger:126 | Thread-134777891965888 | File logging initialized: /home/jmbernales/qgispluginsdev/sec_interp/logs/sec_interp_debug.log
2025-12-28 08:53:26 | DEBUG    | SecInterp.sec_interp.gui.preview_legend_renderer | get_logger:126 | Thread-134777891965888 | File logging initialized: /home/jmbernales/qgispluginsdev/sec_interp/logs/sec_interp_debug.log
2025-12-28 08:53:26 | DEBUG    | SecInterp.sec_interp.gui.preview_renderer | get_logger:126 | Thread-134777891965888 | File logging initialized: /home/jmbernales/qgispluginsdev/sec_interp/logs/sec_interp_debug.log
2025-12-28 08:59:17 | DEBUG    | SecInterp.sec_interp.core.utils.geometry_utils.filtering | get_logger:126 | Thread-126918490495936 | File logging initialized: /home/jmbernales/qgispluginsdev/sec_interp/logs/sec_interp_debug.log
2025-12-28 08:59:17 | DEBUG    | SecInterp.sec_interp.core.utils.geometry_utils.processing | get_logger:126 | Thread-126918490495936 | File logging initialized: /home/jmbernales/qgispluginsdev/sec_interp/logs/sec_interp_debug.log
2025-12-28 08:59:17 | DEBUG    | SecInterp.sec_interp.core.performance_metrics | get_logger:126 | Thread-126918490495936 | File logging initialized: /home/jmbernales/qgispluginsdev/sec_interp/logs/sec_interp_debug.log
2025-12-28 08:59:17 | DEBUG    | SecInterp.sec_interp.core.utils.sampling | get_logger:126 | Thread-126918490495936 | File logging initialized: /home/jmbernales/qgispluginsdev/sec_interp/logs/sec_interp_debug.log
2025-12-28 08:59:17 | DEBUG    | SecInterp.sec_interp.core.services.drillhole_service | get_logger:126 | Thread-126918490495936 | File logging initialized: /home/jmbernales/qgispluginsdev/sec_interp/logs/sec_interp_debug.log
2025-12-28 08:59:17 | DEBUG    | SecInterp.sec_interp.core.utils.resource_manager | get_logger:126 | Thread-126918490495936 | File logging initialized: /home/jmbernales/qgispluginsdev/sec_interp/logs/sec_interp_debug.log
2025-12-28 08:59:17 | DEBUG    | SecInterp.sec_interp.core.services.geology_service | get_logger:126 | Thread-126918490495936 | File logging initialized: /home/jmbernales/qgispluginsdev/sec_interp/logs/sec_interp_debug.log
2025-12-28 08:59:17 | DEBUG    | SecInterp.sec_interp.core.services.profile_service | get_logger:126 | Thread-126918490495936 | File logging initialized: /home/jmbernales/qgispluginsdev/sec_interp/logs/sec_interp_debug.log
2025-12-28 08:59:17 | DEBUG    | SecInterp.sec_interp.core.services.structure_service | get_logger:126 | Thread-126918490495936 | File logging initialized: /home/jmbernales/qgispluginsdev/sec_interp/logs/sec_interp_debug.log
2025-12-28 08:59:17 | DEBUG    | SecInterp.sec_interp.core.services.export_service | get_logger:126 | Thread-126918490495936 | File logging initialized: /home/jmbernales/qgispluginsdev/sec_interp/logs/sec_interp_debug.log
2025-12-28 08:59:17 | DEBUG    | SecInterp.sec_interp.exporters.csv_exporter | get_logger:126 | Thread-126918490495936 | File logging initialized: /home/jmbernales/qgispluginsdev/sec_interp/logs/sec_interp_debug.log
2025-12-28 08:59:17 | DEBUG    | SecInterp.sec_interp.exporters.drillhole_exporters | get_logger:126 | Thread-126918490495936 | File logging initialized: /home/jmbernales/qgispluginsdev/sec_interp/logs/sec_interp_debug.log
2025-12-28 08:59:17 | DEBUG    | SecInterp.sec_interp.exporters.interpretation_exporters | get_logger:126 | Thread-126918490495936 | File logging initialized: /home/jmbernales/qgispluginsdev/sec_interp/logs/sec_interp_debug.log
2025-12-28 08:59:17 | DEBUG    | SecInterp.sec_interp.exporters.image_exporter | get_logger:126 | Thread-126918490495936 | File logging initialized: /home/jmbernales/qgispluginsdev/sec_interp/logs/sec_interp_debug.log
2025-12-28 08:59:17 | DEBUG    | SecInterp.sec_interp.exporters.pdf_exporter | get_logger:126 | Thread-126918490495936 | File logging initialized: /home/jmbernales/qgispluginsdev/sec_interp/logs/sec_interp_debug.log
2025-12-28 08:59:17 | DEBUG    | SecInterp.sec_interp.exporters.profile_exporters | get_logger:126 | Thread-126918490495936 | File logging initialized: /home/jmbernales/qgispluginsdev/sec_interp/logs/sec_interp_debug.log
2025-12-28 08:59:17 | DEBUG    | SecInterp.sec_interp.exporters.shp_exporter | get_logger:126 | Thread-126918490495936 | File logging initialized: /home/jmbernales/qgispluginsdev/sec_interp/logs/sec_interp_debug.log
2025-12-28 08:59:17 | DEBUG    | SecInterp.sec_interp.exporters.svg_exporter | get_logger:126 | Thread-126918490495936 | File logging initialized: /home/jmbernales/qgispluginsdev/sec_interp/logs/sec_interp_debug.log
2025-12-28 08:59:17 | DEBUG    | SecInterp.sec_interp.gui.utils | get_logger:126 | Thread-126918490495936 | File logging initialized: /home/jmbernales/qgispluginsdev/sec_interp/logs/sec_interp_debug.log
2025-12-28 08:59:17 | DEBUG    | SecInterp.sec_interp.gui.main_dialog | get_logger:126 | Thread-126918490495936 | File logging initialized: /home/jmbernales/qgispluginsdev/sec_interp/logs/sec_interp_debug.log
2025-12-28 08:59:17 | DEBUG    | SecInterp.sec_interp.gui.main_dialog_export | get_logger:126 | Thread-126918490495936 | File logging initialized: /home/jmbernales/qgispluginsdev/sec_interp/logs/sec_interp_debug.log
2025-12-28 08:59:17 | DEBUG    | SecInterp.sec_interp.core.services.preview_service | get_logger:126 | Thread-126918490495936 | File logging initialized: /home/jmbernales/qgispluginsdev/sec_interp/logs/sec_interp_debug.log
2025-12-28 08:59:17 | DEBUG    | SecInterp.sec_interp.gui.services.parallel_geology_service | get_logger:126 | Thread-126918490495936 | File logging initialized: /home/jmbernales/qgispluginsdev/sec_interp/logs/sec_interp_debug.log
2025-12-28 08:59:17 | DEBUG    | SecInterp.sec_interp.gui.main_dialog_preview | get_logger:126 | Thread-126918490495936 | File logging initialized: /home/jmbernales/qgispluginsdev/sec_interp/logs/sec_interp_debug.log
2025-12-28 08:59:17 | DEBUG    | SecInterp.sec_interp.gui.main_dialog_signals | get_logger:126 | Thread-126918490495936 | File logging initialized: /home/jmbernales/qgispluginsdev/sec_interp/logs/sec_interp_debug.log
2025-12-28 08:59:17 | DEBUG    | SecInterp.sec_interp.gui.tools.measure_tool | get_logger:126 | Thread-126918490495936 | File logging initialized: /home/jmbernales/qgispluginsdev/sec_interp/logs/sec_interp_debug.log
2025-12-28 08:59:17 | DEBUG    | SecInterp.sec_interp.gui.tools.interpretation_tool | get_logger:126 | Thread-126918490495936 | File logging initialized: /home/jmbernales/qgispluginsdev/sec_interp/logs/sec_interp_debug.log
2025-12-28 08:59:17 | DEBUG    | SecInterp.sec_interp.gui.ui.pages.drillhole_page | get_logger:126 | Thread-126918490495936 | File logging initialized: /home/jmbernales/qgispluginsdev/sec_interp/logs/sec_interp_debug.log
2025-12-28 08:59:17 | DEBUG    | SecInterp.sec_interp.gui.preview_axes_manager | get_logger:126 | Thread-126918490495936 | File logging initialized: /home/jmbernales/qgispluginsdev/sec_interp/logs/sec_interp_debug.log
2025-12-28 08:59:17 | DEBUG    | SecInterp.sec_interp.core.utils.geometry_utils.optimization | get_logger:126 | Thread-126918490495936 | File logging initialized: /home/jmbernales/qgispluginsdev/sec_interp/logs/sec_interp_debug.log
2025-12-28 08:59:17 | DEBUG    | SecInterp.sec_interp.gui.preview_layer_factory | get_logger:126 | Thread-126918490495936 | File logging initialized: /home/jmbernales/qgispluginsdev/sec_interp/logs/sec_interp_debug.log
2025-12-28 08:59:17 | DEBUG    | SecInterp.sec_interp.gui.preview_legend_renderer | get_logger:126 | Thread-126918490495936 | File logging initialized: /home/jmbernales/qgispluginsdev/sec_interp/logs/sec_interp_debug.log
2025-12-28 08:59:17 | DEBUG    | SecInterp.sec_interp.gui.preview_renderer | get_logger:126 | Thread-126918490495936 | File logging initialized: /home/jmbernales/qgispluginsdev/sec_interp/logs/sec_interp_debug.log
2025-12-28 08:59:17 | DEBUG    | SecInterp.sec_interp.core.config | get_logger:126 | Thread-126918490495936 | File logging initialized: /home/jmbernales/qgispluginsdev/sec_interp/logs/sec_interp_debug.log
2025-12-28 08:59:17 | DEBUG    | SecInterp.sec_interp.core.data_cache | get_logger:126 | Thread-126918490495936 | File logging initialized: /home/jmbernales/qgispluginsdev/sec_interp/logs/sec_interp_debug.log
2025-12-28 08:59:17 | DEBUG    | SecInterp.sec_interp.core.controller | get_logger:126 | Thread-126918490495936 | File logging initialized: /home/jmbernales/qgispluginsdev/sec_interp/logs/sec_interp_debug.log
2025-12-28 08:59:17 | DEBUG    | SecInterp.sec_interp.sec_interp_plugin | get_logger:126 | Thread-126918490495936 | File logging initialized: /home/jmbernales/qgispluginsdev/sec_interp/logs/sec_interp_debug.log
2025-12-28 09:04:28 | DEBUG    | SecInterp.sec_interp.core.performance_metrics | get_logger:126 | Thread-137948754983872 | File logging initialized: /home/jmbernales/qgispluginsdev/sec_interp/logs/sec_interp_debug.log
2025-12-28 09:04:28 | DEBUG    | SecInterp.sec_interp.exporters.csv_exporter | get_logger:126 | Thread-137948754983872 | File logging initialized: /home/jmbernales/qgispluginsdev/sec_interp/logs/sec_interp_debug.log
2025-12-28 09:04:28 | DEBUG    | SecInterp.sec_interp.core.utils.geometry_utils.filtering | get_logger:126 | Thread-137948754983872 | File logging initialized: /home/jmbernales/qgispluginsdev/sec_interp/logs/sec_interp_debug.log
2025-12-28 09:04:28 | DEBUG    | SecInterp.sec_interp.core.utils.geometry_utils.processing | get_logger:126 | Thread-137948754983872 | File logging initialized: /home/jmbernales/qgispluginsdev/sec_interp/logs/sec_interp_debug.log
2025-12-28 09:04:28 | DEBUG    | SecInterp.sec_interp.core.utils.sampling | get_logger:126 | Thread-137948754983872 | File logging initialized: /home/jmbernales/qgispluginsdev/sec_interp/logs/sec_interp_debug.log
2025-12-28 09:04:28 | DEBUG    | SecInterp.sec_interp.exporters.drillhole_exporters | get_logger:126 | Thread-137948754983872 | File logging initialized: /home/jmbernales/qgispluginsdev/sec_interp/logs/sec_interp_debug.log
2025-12-28 09:04:28 | DEBUG    | SecInterp.sec_interp.exporters.interpretation_exporters | get_logger:126 | Thread-137948754983872 | File logging initialized: /home/jmbernales/qgispluginsdev/sec_interp/logs/sec_interp_debug.log
2025-12-28 09:04:28 | DEBUG    | SecInterp.sec_interp.exporters.image_exporter | get_logger:126 | Thread-137948754983872 | File logging initialized: /home/jmbernales/qgispluginsdev/sec_interp/logs/sec_interp_debug.log
2025-12-28 09:04:28 | DEBUG    | SecInterp.sec_interp.exporters.pdf_exporter | get_logger:126 | Thread-137948754983872 | File logging initialized: /home/jmbernales/qgispluginsdev/sec_interp/logs/sec_interp_debug.log
2025-12-28 09:04:28 | DEBUG    | SecInterp.sec_interp.exporters.profile_exporters | get_logger:126 | Thread-137948754983872 | File logging initialized: /home/jmbernales/qgispluginsdev/sec_interp/logs/sec_interp_debug.log
2025-12-28 09:04:28 | DEBUG    | SecInterp.sec_interp.exporters.shp_exporter | get_logger:126 | Thread-137948754983872 | File logging initialized: /home/jmbernales/qgispluginsdev/sec_interp/logs/sec_interp_debug.log
2025-12-28 09:04:28 | DEBUG    | SecInterp.sec_interp.exporters.svg_exporter | get_logger:126 | Thread-137948754983872 | File logging initialized: /home/jmbernales/qgispluginsdev/sec_interp/logs/sec_interp_debug.log
2025-12-28 09:05:29 | DEBUG    | SecInterp.sec_interp.core.performance_metrics | get_logger:126 | Thread-139571587443648 | File logging initialized: /home/jmbernales/qgispluginsdev/sec_interp/logs/sec_interp_debug.log
2025-12-28 09:05:29 | DEBUG    | SecInterp.sec_interp.exporters.csv_exporter | get_logger:126 | Thread-139571587443648 | File logging initialized: /home/jmbernales/qgispluginsdev/sec_interp/logs/sec_interp_debug.log
2025-12-28 09:05:29 | DEBUG    | SecInterp.sec_interp.core.utils.geometry_utils.filtering | get_logger:126 | Thread-139571587443648 | File logging initialized: /home/jmbernales/qgispluginsdev/sec_interp/logs/sec_interp_debug.log
2025-12-28 09:05:29 | DEBUG    | SecInterp.sec_interp.core.utils.geometry_utils.processing | get_logger:126 | Thread-139571587443648 | File logging initialized: /home/jmbernales/qgispluginsdev/sec_interp/logs/sec_interp_debug.log
2025-12-28 09:05:29 | DEBUG    | SecInterp.sec_interp.core.utils.sampling | get_logger:126 | Thread-139571587443648 | File logging initialized: /home/jmbernales/qgispluginsdev/sec_interp/logs/sec_interp_debug.log
2025-12-28 09:05:29 | DEBUG    | SecInterp.sec_interp.exporters.drillhole_exporters | get_logger:126 | Thread-139571587443648 | File logging initialized: /home/jmbernales/qgispluginsdev/sec_interp/logs/sec_interp_debug.log
2025-12-28 09:05:29 | DEBUG    | SecInterp.sec_interp.exporters.interpretation_exporters | get_logger:126 | Thread-139571587443648 | File logging initialized: /home/jmbernales/qgispluginsdev/sec_interp/logs/sec_interp_debug.log
2025-12-28 09:05:29 | DEBUG    | SecInterp.sec_interp.exporters.image_exporter | get_logger:126 | Thread-139571587443648 | File logging initialized: /home/jmbernales/qgispluginsdev/sec_interp/logs/sec_interp_debug.log
2025-12-28 09:05:29 | DEBUG    | SecInterp.sec_interp.exporters.pdf_exporter | get_logger:126 | Thread-139571587443648 | File logging initialized: /home/jmbernales/qgispluginsdev/sec_interp/logs/sec_interp_debug.log
2025-12-28 09:05:29 | DEBUG    | SecInterp.sec_interp.exporters.profile_exporters | get_logger:126 | Thread-139571587443648 | File logging initialized: /home/jmbernales/qgispluginsdev/sec_interp/logs/sec_interp_debug.log
2025-12-28 09:05:29 | DEBUG    | SecInterp.sec_interp.exporters.shp_exporter | get_logger:126 | Thread-139571587443648 | File logging initialized: /home/jmbernales/qgispluginsdev/sec_interp/logs/sec_interp_debug.log
2025-12-28 09:05:29 | DEBUG    | SecInterp.sec_interp.exporters.svg_exporter | get_logger:126 | Thread-139571587443648 | File logging initialized: /home/jmbernales/qgispluginsdev/sec_interp/logs/sec_interp_debug.log
2025-12-28 18:27:30 | DEBUG    | SecInterp.sec_interp.core.utils.geometry_utils.filtering | get_logger:127 | Thread-133415678614464 | File logging initialized: /home/jmbernales/qgispluginsdev/sec_interp/logs/sec_interp_debug.log
2025-12-28 18:27:30 | DEBUG    | SecInterp.sec_interp.core.utils.geometry_utils.processing | get_logger:127 | Thread-133415678614464 | File logging initialized: /home/jmbernales/qgispluginsdev/sec_interp/logs/sec_interp_debug.log
2025-12-28 18:27:30 | DEBUG    | SecInterp.sec_interp.core.performance_metrics | get_logger:127 | Thread-133415678614464 | File logging initialized: /home/jmbernales/qgispluginsdev/sec_interp/logs/sec_interp_debug.log
2025-12-28 18:27:30 | DEBUG    | SecInterp.sec_interp.core.utils.sampling | get_logger:127 | Thread-133415678614464 | File logging initialized: /home/jmbernales/qgispluginsdev/sec_interp/logs/sec_interp_debug.log
2025-12-28 18:27:30 | DEBUG    | SecInterp.sec_interp.core.config | get_logger:127 | Thread-133415678614464 | File logging initialized: /home/jmbernales/qgispluginsdev/sec_interp/logs/sec_interp_debug.log
2025-12-28 18:27:30 | DEBUG    | SecInterp.sec_interp.core.data_cache | get_logger:127 | Thread-133415678614464 | File logging initialized: /home/jmbernales/qgispluginsdev/sec_interp/logs/sec_interp_debug.log
2025-12-28 18:27:30 | DEBUG    | SecInterp.sec_interp.core.services.drillhole_service | get_logger:127 | Thread-133415678614464 | File logging initialized: /home/jmbernales/qgispluginsdev/sec_interp/logs/sec_interp_debug.log
2025-12-28 18:27:30 | DEBUG    | SecInterp.sec_interp.core.utils.resource_manager | get_logger:127 | Thread-133415678614464 | File logging initialized: /home/jmbernales/qgispluginsdev/sec_interp/logs/sec_interp_debug.log
2025-12-28 18:27:30 | DEBUG    | SecInterp.sec_interp.core.services.geology_service | get_logger:127 | Thread-133415678614464 | File logging initialized: /home/jmbernales/qgispluginsdev/sec_interp/logs/sec_interp_debug.log
2025-12-28 18:27:31 | DEBUG    | SecInterp.sec_interp.core.services.profile_service | get_logger:127 | Thread-133415678614464 | File logging initialized: /home/jmbernales/qgispluginsdev/sec_interp/logs/sec_interp_debug.log
2025-12-28 18:27:31 | DEBUG    | SecInterp.sec_interp.core.services.structure_service | get_logger:127 | Thread-133415678614464 | File logging initialized: /home/jmbernales/qgispluginsdev/sec_interp/logs/sec_interp_debug.log
2025-12-28 18:27:31 | DEBUG    | SecInterp.sec_interp.core.controller | get_logger:127 | Thread-133415678614464 | File logging initialized: /home/jmbernales/qgispluginsdev/sec_interp/logs/sec_interp_debug.log
2025-12-28 18:27:31 | DEBUG    | SecInterp.sec_interp.core.services.export_service | get_logger:127 | Thread-133415678614464 | File logging initialized: /home/jmbernales/qgispluginsdev/sec_interp/logs/sec_interp_debug.log
2025-12-28 18:27:31 | DEBUG    | SecInterp.sec_interp.exporters.csv_exporter | get_logger:127 | Thread-133415678614464 | File logging initialized: /home/jmbernales/qgispluginsdev/sec_interp/logs/sec_interp_debug.log
2025-12-28 18:27:31 | DEBUG    | SecInterp.sec_interp.exporters.drillhole_exporters | get_logger:127 | Thread-133415678614464 | File logging initialized: /home/jmbernales/qgispluginsdev/sec_interp/logs/sec_interp_debug.log
2025-12-28 18:27:31 | DEBUG    | SecInterp.sec_interp.exporters.interpretation_exporters | get_logger:127 | Thread-133415678614464 | File logging initialized: /home/jmbernales/qgispluginsdev/sec_interp/logs/sec_interp_debug.log
2025-12-28 18:27:31 | DEBUG    | SecInterp.sec_interp.exporters.image_exporter | get_logger:127 | Thread-133415678614464 | File logging initialized: /home/jmbernales/qgispluginsdev/sec_interp/logs/sec_interp_debug.log
2025-12-28 18:27:31 | DEBUG    | SecInterp.sec_interp.exporters.pdf_exporter | get_logger:127 | Thread-133415678614464 | File logging initialized: /home/jmbernales/qgispluginsdev/sec_interp/logs/sec_interp_debug.log
2025-12-28 18:27:31 | DEBUG    | SecInterp.sec_interp.exporters.profile_exporters | get_logger:127 | Thread-133415678614464 | File logging initialized: /home/jmbernales/qgispluginsdev/sec_interp/logs/sec_interp_debug.log
2025-12-28 18:27:31 | DEBUG    | SecInterp.sec_interp.exporters.shp_exporter | get_logger:127 | Thread-133415678614464 | File logging initialized: /home/jmbernales/qgispluginsdev/sec_interp/logs/sec_interp_debug.log
2025-12-28 18:27:31 | DEBUG    | SecInterp.sec_interp.exporters.svg_exporter | get_logger:127 | Thread-133415678614464 | File logging initialized: /home/jmbernales/qgispluginsdev/sec_interp/logs/sec_interp_debug.log
2025-12-28 18:27:31 | DEBUG    | SecInterp.sec_interp.gui.utils | get_logger:127 | Thread-133415678614464 | File logging initialized: /home/jmbernales/qgispluginsdev/sec_interp/logs/sec_interp_debug.log
2025-12-28 18:27:31 | DEBUG    | SecInterp.sec_interp.gui.main_dialog | get_logger:127 | Thread-133415678614464 | File logging initialized: /home/jmbernales/qgispluginsdev/sec_interp/logs/sec_interp_debug.log
2025-12-28 18:27:31 | DEBUG    | SecInterp.sec_interp.gui.main_dialog_export | get_logger:127 | Thread-133415678614464 | File logging initialized: /home/jmbernales/qgispluginsdev/sec_interp/logs/sec_interp_debug.log
2025-12-28 18:27:31 | DEBUG    | SecInterp.sec_interp.core.services.preview_service | get_logger:127 | Thread-133415678614464 | File logging initialized: /home/jmbernales/qgispluginsdev/sec_interp/logs/sec_interp_debug.log
2025-12-28 18:27:31 | DEBUG    | SecInterp.sec_interp.gui.services.parallel_geology_service | get_logger:127 | Thread-133415678614464 | File logging initialized: /home/jmbernales/qgispluginsdev/sec_interp/logs/sec_interp_debug.log
2025-12-28 18:27:31 | DEBUG    | SecInterp.sec_interp.gui.main_dialog_preview | get_logger:127 | Thread-133415678614464 | File logging initialized: /home/jmbernales/qgispluginsdev/sec_interp/logs/sec_interp_debug.log
2025-12-28 18:27:31 | DEBUG    | SecInterp.sec_interp.gui.main_dialog_signals | get_logger:127 | Thread-133415678614464 | File logging initialized: /home/jmbernales/qgispluginsdev/sec_interp/logs/sec_interp_debug.log
2025-12-28 18:27:31 | DEBUG    | SecInterp.sec_interp.gui.tools.measure_tool | get_logger:127 | Thread-133415678614464 | File logging initialized: /home/jmbernales/qgispluginsdev/sec_interp/logs/sec_interp_debug.log
2025-12-28 18:27:31 | DEBUG    | SecInterp.sec_interp.gui.tools.interpretation_tool | get_logger:127 | Thread-133415678614464 | File logging initialized: /home/jmbernales/qgispluginsdev/sec_interp/logs/sec_interp_debug.log
2025-12-28 18:27:31 | DEBUG    | SecInterp.sec_interp.gui.ui.pages.drillhole_page | get_logger:127 | Thread-133415678614464 | File logging initialized: /home/jmbernales/qgispluginsdev/sec_interp/logs/sec_interp_debug.log
2025-12-28 18:27:31 | DEBUG    | SecInterp.sec_interp.gui.preview_axes_manager | get_logger:127 | Thread-133415678614464 | File logging initialized: /home/jmbernales/qgispluginsdev/sec_interp/logs/sec_interp_debug.log
2025-12-28 18:27:31 | DEBUG    | SecInterp.sec_interp.core.utils.geometry_utils.optimization | get_logger:127 | Thread-133415678614464 | File logging initialized: /home/jmbernales/qgispluginsdev/sec_interp/logs/sec_interp_debug.log
2025-12-28 18:27:31 | DEBUG    | SecInterp.sec_interp.gui.preview_layer_factory | get_logger:127 | Thread-133415678614464 | File logging initialized: /home/jmbernales/qgispluginsdev/sec_interp/logs/sec_interp_debug.log
2025-12-28 18:27:31 | DEBUG    | SecInterp.sec_interp.gui.preview_legend_renderer | get_logger:127 | Thread-133415678614464 | File logging initialized: /home/jmbernales/qgispluginsdev/sec_interp/logs/sec_interp_debug.log
2025-12-28 18:27:31 | DEBUG    | SecInterp.sec_interp.gui.preview_renderer | get_logger:127 | Thread-133415678614464 | File logging initialized: /home/jmbernales/qgispluginsdev/sec_interp/logs/sec_interp_debug.log
2025-12-28 18:27:31 | DEBUG    | SecInterp.sec_interp.sec_interp_plugin | get_logger:127 | Thread-133415678614464 | File logging initialized: /home/jmbernales/qgispluginsdev/sec_interp/logs/sec_interp_debug.log
2025-12-28 21:43:31 | DEBUG    | SecInterp.sec_interp.core.utils.geometry_utils.filtering | get_logger:127 | Thread-127782142098368 | File logging initialized: /home/jmbernales/qgispluginsdev/sec_interp/logs/sec_interp_debug.log
2025-12-28 21:43:31 | DEBUG    | SecInterp.sec_interp.core.utils.geometry_utils.processing | get_logger:127 | Thread-127782142098368 | File logging initialized: /home/jmbernales/qgispluginsdev/sec_interp/logs/sec_interp_debug.log
2025-12-28 21:43:31 | DEBUG    | SecInterp.sec_interp.core.performance_metrics | get_logger:127 | Thread-127782142098368 | File logging initialized: /home/jmbernales/qgispluginsdev/sec_interp/logs/sec_interp_debug.log
2025-12-28 21:43:31 | DEBUG    | SecInterp.sec_interp.core.utils.sampling | get_logger:127 | Thread-127782142098368 | File logging initialized: /home/jmbernales/qgispluginsdev/sec_interp/logs/sec_interp_debug.log
2025-12-28 21:51:21 | DEBUG    | SecInterp.sec_interp.core.utils.geometry_utils.filtering | get_logger:127 | Thread-126340255566784 | File logging initialized: /home/jmbernales/qgispluginsdev/sec_interp/logs/sec_interp_debug.log
2025-12-28 21:51:21 | DEBUG    | SecInterp.sec_interp.core.utils.geometry_utils.processing | get_logger:127 | Thread-126340255566784 | File logging initialized: /home/jmbernales/qgispluginsdev/sec_interp/logs/sec_interp_debug.log
2025-12-28 21:51:21 | DEBUG    | SecInterp.sec_interp.core.performance_metrics | get_logger:127 | Thread-126340255566784 | File logging initialized: /home/jmbernales/qgispluginsdev/sec_interp/logs/sec_interp_debug.log
2025-12-28 21:51:21 | DEBUG    | SecInterp.sec_interp.core.utils.sampling | get_logger:127 | Thread-126340255566784 | File logging initialized: /home/jmbernales/qgispluginsdev/sec_interp/logs/sec_interp_debug.log
2025-12-28 21:51:21 | DEBUG    | SecInterp.sec_interp.exporters.csv_exporter | get_logger:127 | Thread-126340255566784 | File logging initialized: /home/jmbernales/qgispluginsdev/sec_interp/logs/sec_interp_debug.log
2025-12-28 21:51:21 | DEBUG    | SecInterp.sec_interp.exporters.drillhole_exporters | get_logger:127 | Thread-126340255566784 | File logging initialized: /home/jmbernales/qgispluginsdev/sec_interp/logs/sec_interp_debug.log
2025-12-28 21:51:21 | DEBUG    | SecInterp.sec_interp.exporters.interpretation_exporters | get_logger:127 | Thread-126340255566784 | File logging initialized: /home/jmbernales/qgispluginsdev/sec_interp/logs/sec_interp_debug.log
2025-12-28 21:51:21 | DEBUG    | SecInterp.sec_interp.exporters.image_exporter | get_logger:127 | Thread-126340255566784 | File logging initialized: /home/jmbernales/qgispluginsdev/sec_interp/logs/sec_interp_debug.log
2025-12-28 21:51:21 | DEBUG    | SecInterp.sec_interp.exporters.pdf_exporter | get_logger:127 | Thread-126340255566784 | File logging initialized: /home/jmbernales/qgispluginsdev/sec_interp/logs/sec_interp_debug.log
2025-12-28 21:51:21 | DEBUG    | SecInterp.sec_interp.exporters.profile_exporters | get_logger:127 | Thread-126340255566784 | File logging initialized: /home/jmbernales/qgispluginsdev/sec_interp/logs/sec_interp_debug.log
2025-12-28 21:51:21 | DEBUG    | SecInterp.sec_interp.exporters.shp_exporter | get_logger:127 | Thread-126340255566784 | File logging initialized: /home/jmbernales/qgispluginsdev/sec_interp/logs/sec_interp_debug.log
2025-12-28 21:51:21 | DEBUG    | SecInterp.sec_interp.exporters.svg_exporter | get_logger:127 | Thread-126340255566784 | File logging initialized: /home/jmbernales/qgispluginsdev/sec_interp/logs/sec_interp_debug.log
2025-12-28 21:51:21 | DEBUG    | SecInterp.sec_interp.gui.utils | get_logger:127 | Thread-126340255566784 | File logging initialized: /home/jmbernales/qgispluginsdev/sec_interp/logs/sec_interp_debug.log
2025-12-28 21:51:21 | DEBUG    | SecInterp.sec_interp.gui.main_dialog | get_logger:127 | Thread-126340255566784 | File logging initialized: /home/jmbernales/qgispluginsdev/sec_interp/logs/sec_interp_debug.log
2025-12-28 21:51:21 | DEBUG    | SecInterp.sec_interp.core.services.drillhole_service | get_logger:127 | Thread-126340255566784 | File logging initialized: /home/jmbernales/qgispluginsdev/sec_interp/logs/sec_interp_debug.log
2025-12-28 21:51:21 | DEBUG    | SecInterp.sec_interp.core.utils.resource_manager | get_logger:127 | Thread-126340255566784 | File logging initialized: /home/jmbernales/qgispluginsdev/sec_interp/logs/sec_interp_debug.log
2025-12-28 21:51:21 | DEBUG    | SecInterp.sec_interp.core.services.geology_service | get_logger:127 | Thread-126340255566784 | File logging initialized: /home/jmbernales/qgispluginsdev/sec_interp/logs/sec_interp_debug.log
2025-12-28 21:51:21 | DEBUG    | SecInterp.sec_interp.core.services.profile_service | get_logger:127 | Thread-126340255566784 | File logging initialized: /home/jmbernales/qgispluginsdev/sec_interp/logs/sec_interp_debug.log
2025-12-28 21:51:21 | DEBUG    | SecInterp.sec_interp.core.services.structure_service | get_logger:127 | Thread-126340255566784 | File logging initialized: /home/jmbernales/qgispluginsdev/sec_interp/logs/sec_interp_debug.log
2025-12-28 21:51:21 | DEBUG    | SecInterp.sec_interp.core.services.export_service | get_logger:127 | Thread-126340255566784 | File logging initialized: /home/jmbernales/qgispluginsdev/sec_interp/logs/sec_interp_debug.log
2025-12-28 21:51:21 | DEBUG    | SecInterp.sec_interp.gui.main_dialog_export | get_logger:127 | Thread-126340255566784 | File logging initialized: /home/jmbernales/qgispluginsdev/sec_interp/logs/sec_interp_debug.log
2025-12-28 21:51:21 | DEBUG    | SecInterp.sec_interp.core.services.preview_service | get_logger:127 | Thread-126340255566784 | File logging initialized: /home/jmbernales/qgispluginsdev/sec_interp/logs/sec_interp_debug.log
2025-12-28 21:51:21 | DEBUG    | SecInterp.sec_interp.gui.services.parallel_geology_service | get_logger:127 | Thread-126340255566784 | File logging initialized: /home/jmbernales/qgispluginsdev/sec_interp/logs/sec_interp_debug.log
2025-12-28 21:51:21 | DEBUG    | SecInterp.sec_interp.gui.main_dialog_preview | get_logger:127 | Thread-126340255566784 | File logging initialized: /home/jmbernales/qgispluginsdev/sec_interp/logs/sec_interp_debug.log
2025-12-28 21:51:21 | DEBUG    | SecInterp.sec_interp.gui.main_dialog_signals | get_logger:127 | Thread-126340255566784 | File logging initialized: /home/jmbernales/qgispluginsdev/sec_interp/logs/sec_interp_debug.log
2025-12-28 21:51:21 | DEBUG    | SecInterp.sec_interp.gui.tools.measure_tool | get_logger:127 | Thread-126340255566784 | File logging initialized: /home/jmbernales/qgispluginsdev/sec_interp/logs/sec_interp_debug.log
2025-12-28 21:51:21 | DEBUG    | SecInterp.sec_interp.gui.tools.interpretation_tool | get_logger:127 | Thread-126340255566784 | File logging initialized: /home/jmbernales/qgispluginsdev/sec_interp/logs/sec_interp_debug.log
2025-12-28 21:51:21 | DEBUG    | SecInterp.sec_interp.gui.ui.pages.drillhole_page | get_logger:127 | Thread-126340255566784 | File logging initialized: /home/jmbernales/qgispluginsdev/sec_interp/logs/sec_interp_debug.log
2025-12-28 21:51:21 | DEBUG    | SecInterp.sec_interp.gui.preview_axes_manager | get_logger:127 | Thread-126340255566784 | File logging initialized: /home/jmbernales/qgispluginsdev/sec_interp/logs/sec_interp_debug.log
2025-12-28 21:51:21 | DEBUG    | SecInterp.sec_interp.core.utils.geometry_utils.optimization | get_logger:127 | Thread-126340255566784 | File logging initialized: /home/jmbernales/qgispluginsdev/sec_interp/logs/sec_interp_debug.log
2025-12-28 21:51:21 | DEBUG    | SecInterp.sec_interp.gui.preview_layer_factory | get_logger:127 | Thread-126340255566784 | File logging initialized: /home/jmbernales/qgispluginsdev/sec_interp/logs/sec_interp_debug.log
2025-12-28 21:51:21 | DEBUG    | SecInterp.sec_interp.gui.preview_legend_renderer | get_logger:127 | Thread-126340255566784 | File logging initialized: /home/jmbernales/qgispluginsdev/sec_interp/logs/sec_interp_debug.log
2025-12-28 21:51:21 | DEBUG    | SecInterp.sec_interp.gui.preview_renderer | get_logger:127 | Thread-126340255566784 | File logging initialized: /home/jmbernales/qgispluginsdev/sec_interp/logs/sec_interp_debug.log
2025-12-28 23:07:03 | DEBUG    | SecInterp.sec_interp.core.config | get_logger:127 | Thread-136416887253952 | File logging initialized: /home/jmbernales/qgispluginsdev/sec_interp/logs/sec_interp_debug.log
2025-12-28 23:07:03 | DEBUG    | SecInterp.sec_interp.core.utils.geometry_utils.filtering | get_logger:127 | Thread-136416887253952 | File logging initialized: /home/jmbernales/qgispluginsdev/sec_interp/logs/sec_interp_debug.log
2025-12-28 23:07:03 | DEBUG    | SecInterp.sec_interp.core.utils.geometry_utils.processing | get_logger:127 | Thread-136416887253952 | File logging initialized: /home/jmbernales/qgispluginsdev/sec_interp/logs/sec_interp_debug.log
2025-12-28 23:07:03 | DEBUG    | SecInterp.sec_interp.core.performance_metrics | get_logger:127 | Thread-136416887253952 | File logging initialized: /home/jmbernales/qgispluginsdev/sec_interp/logs/sec_interp_debug.log
2025-12-28 23:07:03 | DEBUG    | SecInterp.sec_interp.core.utils.sampling | get_logger:127 | Thread-136416887253952 | File logging initialized: /home/jmbernales/qgispluginsdev/sec_interp/logs/sec_interp_debug.log
2025-12-28 23:07:03 | DEBUG    | SecInterp.sec_interp.core.data_cache | get_logger:127 | Thread-136416887253952 | File logging initialized: /home/jmbernales/qgispluginsdev/sec_interp/logs/sec_interp_debug.log
2025-12-28 23:07:04 | DEBUG    | SecInterp.sec_interp.core.utils.geometry_utils.optimization | get_logger:127 | Thread-136416887253952 | File logging initialized: /home/jmbernales/qgispluginsdev/sec_interp/logs/sec_interp_debug.log
2025-12-28 23:07:04 | DEBUG    | SecInterp.sec_interp.core.utils.resource_manager | get_logger:127 | Thread-136416887253952 | File logging initialized: /home/jmbernales/qgispluginsdev/sec_interp/logs/sec_interp_debug.log
2025-12-28 23:07:04 | DEBUG    | SecInterp.sec_interp.exporters.csv_exporter | get_logger:127 | Thread-136416887253952 | File logging initialized: /home/jmbernales/qgispluginsdev/sec_interp/logs/sec_interp_debug.log
2025-12-28 23:07:04 | DEBUG    | SecInterp.sec_interp.exporters.drillhole_exporters | get_logger:127 | Thread-136416887253952 | File logging initialized: /home/jmbernales/qgispluginsdev/sec_interp/logs/sec_interp_debug.log
2025-12-28 23:07:04 | DEBUG    | SecInterp.sec_interp.exporters.interpretation_exporters | get_logger:127 | Thread-136416887253952 | File logging initialized: /home/jmbernales/qgispluginsdev/sec_interp/logs/sec_interp_debug.log
2025-12-28 23:07:04 | DEBUG    | SecInterp.sec_interp.exporters.image_exporter | get_logger:127 | Thread-136416887253952 | File logging initialized: /home/jmbernales/qgispluginsdev/sec_interp/logs/sec_interp_debug.log
2025-12-28 23:07:04 | DEBUG    | SecInterp.sec_interp.exporters.pdf_exporter | get_logger:127 | Thread-136416887253952 | File logging initialized: /home/jmbernales/qgispluginsdev/sec_interp/logs/sec_interp_debug.log
2025-12-28 23:07:04 | DEBUG    | SecInterp.sec_interp.exporters.profile_exporters | get_logger:127 | Thread-136416887253952 | File logging initialized: /home/jmbernales/qgispluginsdev/sec_interp/logs/sec_interp_debug.log
2025-12-28 23:07:04 | DEBUG    | SecInterp.sec_interp.exporters.shp_exporter | get_logger:127 | Thread-136416887253952 | File logging initialized: /home/jmbernales/qgispluginsdev/sec_interp/logs/sec_interp_debug.log
2025-12-28 23:07:04 | DEBUG    | SecInterp.sec_interp.exporters.svg_exporter | get_logger:127 | Thread-136416887253952 | File logging initialized: /home/jmbernales/qgispluginsdev/sec_interp/logs/sec_interp_debug.log
2025-12-28 23:07:05 | DEBUG    | SecInterp.sec_interp.gui.utils | get_logger:127 | Thread-136416887253952 | File logging initialized: /home/jmbernales/qgispluginsdev/sec_interp/logs/sec_interp_debug.log
2025-12-28 23:07:05 | DEBUG    | SecInterp.sec_interp.gui.main_dialog | get_logger:127 | Thread-136416887253952 | File logging initialized: /home/jmbernales/qgispluginsdev/sec_interp/logs/sec_interp_debug.log
2025-12-28 23:07:05 | DEBUG    | SecInterp.sec_interp.core.services.drillhole_service | get_logger:127 | Thread-136416887253952 | File logging initialized: /home/jmbernales/qgispluginsdev/sec_interp/logs/sec_interp_debug.log
2025-12-28 23:07:05 | DEBUG    | SecInterp.sec_interp.core.services.geology_service | get_logger:127 | Thread-136416887253952 | File logging initialized: /home/jmbernales/qgispluginsdev/sec_interp/logs/sec_interp_debug.log
2025-12-28 23:07:05 | DEBUG    | SecInterp.sec_interp.core.services.profile_service | get_logger:127 | Thread-136416887253952 | File logging initialized: /home/jmbernales/qgispluginsdev/sec_interp/logs/sec_interp_debug.log
2025-12-28 23:07:05 | DEBUG    | SecInterp.sec_interp.core.services.structure_service | get_logger:127 | Thread-136416887253952 | File logging initialized: /home/jmbernales/qgispluginsdev/sec_interp/logs/sec_interp_debug.log
2025-12-28 23:07:05 | DEBUG    | SecInterp.sec_interp.core.services.export_service | get_logger:127 | Thread-136416887253952 | File logging initialized: /home/jmbernales/qgispluginsdev/sec_interp/logs/sec_interp_debug.log
2025-12-28 23:07:05 | DEBUG    | SecInterp.sec_interp.gui.main_dialog_export | get_logger:127 | Thread-136416887253952 | File logging initialized: /home/jmbernales/qgispluginsdev/sec_interp/logs/sec_interp_debug.log
2025-12-28 23:07:05 | DEBUG    | SecInterp.sec_interp.core.services.preview_service | get_logger:127 | Thread-136416887253952 | File logging initialized: /home/jmbernales/qgispluginsdev/sec_interp/logs/sec_interp_debug.log
2025-12-28 23:07:05 | DEBUG    | SecInterp.sec_interp.gui.services.parallel_geology_service | get_logger:127 | Thread-136416887253952 | File logging initialized: /home/jmbernales/qgispluginsdev/sec_interp/logs/sec_interp_debug.log
2025-12-28 23:07:05 | DEBUG    | SecInterp.sec_interp.gui.main_dialog_preview | get_logger:127 | Thread-136416887253952 | File logging initialized: /home/jmbernales/qgispluginsdev/sec_interp/logs/sec_interp_debug.log
2025-12-28 23:07:05 | DEBUG    | SecInterp.sec_interp.gui.main_dialog_signals | get_logger:127 | Thread-136416887253952 | File logging initialized: /home/jmbernales/qgispluginsdev/sec_interp/logs/sec_interp_debug.log
2025-12-28 23:07:05 | DEBUG    | SecInterp.sec_interp.gui.tools.measure_tool | get_logger:127 | Thread-136416887253952 | File logging initialized: /home/jmbernales/qgispluginsdev/sec_interp/logs/sec_interp_debug.log
2025-12-28 23:07:05 | DEBUG    | SecInterp.sec_interp.gui.tools.interpretation_tool | get_logger:127 | Thread-136416887253952 | File logging initialized: /home/jmbernales/qgispluginsdev/sec_interp/logs/sec_interp_debug.log
2025-12-28 23:07:05 | DEBUG    | SecInterp.sec_interp.gui.ui.pages.drillhole_page | get_logger:127 | Thread-136416887253952 | File logging initialized: /home/jmbernales/qgispluginsdev/sec_interp/logs/sec_interp_debug.log
2025-12-28 23:07:05 | DEBUG    | SecInterp.sec_interp.gui.preview_axes_manager | get_logger:127 | Thread-136416887253952 | File logging initialized: /home/jmbernales/qgispluginsdev/sec_interp/logs/sec_interp_debug.log
2025-12-28 23:07:05 | DEBUG    | SecInterp.sec_interp.gui.preview_layer_factory | get_logger:127 | Thread-136416887253952 | File logging initialized: /home/jmbernales/qgispluginsdev/sec_interp/logs/sec_interp_debug.log
2025-12-28 23:07:05 | DEBUG    | SecInterp.sec_interp.gui.preview_legend_renderer | get_logger:127 | Thread-136416887253952 | File logging initialized: /home/jmbernales/qgispluginsdev/sec_interp/logs/sec_interp_debug.log
2025-12-28 23:07:05 | DEBUG    | SecInterp.sec_interp.gui.preview_renderer | get_logger:127 | Thread-136416887253952 | File logging initialized: /home/jmbernales/qgispluginsdev/sec_interp/logs/sec_interp_debug.log
2025-12-28 23:07:06 | DEBUG    | SecInterp.sec_interp.core.controller | get_logger:127 | Thread-136416887253952 | File logging initialized: /home/jmbernales/qgispluginsdev/sec_interp/logs/sec_interp_debug.log
2025-12-28 23:07:06 | DEBUG    | SecInterp.sec_interp.sec_interp_plugin | get_logger:127 | Thread-136416887253952 | File logging initialized: /home/jmbernales/qgispluginsdev/sec_interp/logs/sec_interp_debug.log
2025-12-28 23:14:45 | DEBUG    | SecInterp.sec_interp.core.utils.geometry_utils.filtering | get_logger:127 | Thread-130489830869952 | File logging initialized: /home/jmbernales/qgispluginsdev/sec_interp/logs/sec_interp_debug.log
2025-12-28 23:14:45 | DEBUG    | SecInterp.sec_interp.core.utils.geometry_utils.processing | get_logger:127 | Thread-130489830869952 | File logging initialized: /home/jmbernales/qgispluginsdev/sec_interp/logs/sec_interp_debug.log
2025-12-28 23:14:45 | DEBUG    | SecInterp.sec_interp.core.performance_metrics | get_logger:127 | Thread-130489830869952 | File logging initialized: /home/jmbernales/qgispluginsdev/sec_interp/logs/sec_interp_debug.log
2025-12-28 23:14:45 | DEBUG    | SecInterp.sec_interp.core.utils.sampling | get_logger:127 | Thread-130489830869952 | File logging initialized: /home/jmbernales/qgispluginsdev/sec_interp/logs/sec_interp_debug.log
2025-12-28 23:14:45 | DEBUG    | SecInterp.sec_interp.core.config | get_logger:127 | Thread-130489830869952 | File logging initialized: /home/jmbernales/qgispluginsdev/sec_interp/logs/sec_interp_debug.log
2025-12-28 23:14:45 | DEBUG    | SecInterp.sec_interp.core.data_cache | get_logger:127 | Thread-130489830869952 | File logging initialized: /home/jmbernales/qgispluginsdev/sec_interp/logs/sec_interp_debug.log
2025-12-28 23:14:45 | DEBUG    | SecInterp.sec_interp.exporters.csv_exporter | get_logger:127 | Thread-130489830869952 | File logging initialized: /home/jmbernales/qgispluginsdev/sec_interp/logs/sec_interp_debug.log
2025-12-28 23:14:45 | DEBUG    | SecInterp.sec_interp.exporters.drillhole_exporters | get_logger:127 | Thread-130489830869952 | File logging initialized: /home/jmbernales/qgispluginsdev/sec_interp/logs/sec_interp_debug.log
2025-12-28 23:14:45 | DEBUG    | SecInterp.sec_interp.exporters.interpretation_exporters | get_logger:127 | Thread-130489830869952 | File logging initialized: /home/jmbernales/qgispluginsdev/sec_interp/logs/sec_interp_debug.log
2025-12-28 23:14:45 | DEBUG    | SecInterp.sec_interp.exporters.image_exporter | get_logger:127 | Thread-130489830869952 | File logging initialized: /home/jmbernales/qgispluginsdev/sec_interp/logs/sec_interp_debug.log
2025-12-28 23:14:45 | DEBUG    | SecInterp.sec_interp.exporters.pdf_exporter | get_logger:127 | Thread-130489830869952 | File logging initialized: /home/jmbernales/qgispluginsdev/sec_interp/logs/sec_interp_debug.log
2025-12-28 23:14:45 | DEBUG    | SecInterp.sec_interp.exporters.profile_exporters | get_logger:127 | Thread-130489830869952 | File logging initialized: /home/jmbernales/qgispluginsdev/sec_interp/logs/sec_interp_debug.log
2025-12-28 23:14:45 | DEBUG    | SecInterp.sec_interp.exporters.shp_exporter | get_logger:127 | Thread-130489830869952 | File logging initialized: /home/jmbernales/qgispluginsdev/sec_interp/logs/sec_interp_debug.log
2025-12-28 23:14:45 | DEBUG    | SecInterp.sec_interp.exporters.svg_exporter | get_logger:127 | Thread-130489830869952 | File logging initialized: /home/jmbernales/qgispluginsdev/sec_interp/logs/sec_interp_debug.log
2025-12-28 23:14:45 | DEBUG    | SecInterp.sec_interp.gui.utils | get_logger:127 | Thread-130489830869952 | File logging initialized: /home/jmbernales/qgispluginsdev/sec_interp/logs/sec_interp_debug.log
2025-12-28 23:14:45 | DEBUG    | SecInterp.sec_interp.gui.main_dialog | get_logger:127 | Thread-130489830869952 | File logging initialized: /home/jmbernales/qgispluginsdev/sec_interp/logs/sec_interp_debug.log
2025-12-28 23:19:58 | DEBUG    | SecInterp.sec_interp.core.utils.geometry_utils.filtering | get_logger:127 | Thread-129580651498432 | File logging initialized: /home/jmbernales/qgispluginsdev/sec_interp/logs/sec_interp_debug.log
2025-12-28 23:19:58 | DEBUG    | SecInterp.sec_interp.core.utils.geometry_utils.processing | get_logger:127 | Thread-129580651498432 | File logging initialized: /home/jmbernales/qgispluginsdev/sec_interp/logs/sec_interp_debug.log
2025-12-28 23:19:58 | DEBUG    | SecInterp.sec_interp.core.performance_metrics | get_logger:127 | Thread-129580651498432 | File logging initialized: /home/jmbernales/qgispluginsdev/sec_interp/logs/sec_interp_debug.log
2025-12-28 23:19:58 | DEBUG    | SecInterp.sec_interp.core.utils.sampling | get_logger:127 | Thread-129580651498432 | File logging initialized: /home/jmbernales/qgispluginsdev/sec_interp/logs/sec_interp_debug.log
2025-12-28 23:19:58 | DEBUG    | SecInterp.sec_interp.core.config | get_logger:127 | Thread-129580651498432 | File logging initialized: /home/jmbernales/qgispluginsdev/sec_interp/logs/sec_interp_debug.log
2025-12-28 23:19:58 | DEBUG    | SecInterp.sec_interp.core.data_cache | get_logger:127 | Thread-129580651498432 | File logging initialized: /home/jmbernales/qgispluginsdev/sec_interp/logs/sec_interp_debug.log
2025-12-28 23:19:58 | DEBUG    | SecInterp.sec_interp.exporters.csv_exporter | get_logger:127 | Thread-129580651498432 | File logging initialized: /home/jmbernales/qgispluginsdev/sec_interp/logs/sec_interp_debug.log
2025-12-28 23:19:58 | DEBUG    | SecInterp.sec_interp.exporters.drillhole_exporters | get_logger:127 | Thread-129580651498432 | File logging initialized: /home/jmbernales/qgispluginsdev/sec_interp/logs/sec_interp_debug.log
2025-12-28 23:19:58 | DEBUG    | SecInterp.sec_interp.exporters.interpretation_exporters | get_logger:127 | Thread-129580651498432 | File logging initialized: /home/jmbernales/qgispluginsdev/sec_interp/logs/sec_interp_debug.log
2025-12-28 23:19:58 | DEBUG    | SecInterp.sec_interp.exporters.image_exporter | get_logger:127 | Thread-129580651498432 | File logging initialized: /home/jmbernales/qgispluginsdev/sec_interp/logs/sec_interp_debug.log
2025-12-28 23:19:58 | DEBUG    | SecInterp.sec_interp.exporters.pdf_exporter | get_logger:127 | Thread-129580651498432 | File logging initialized: /home/jmbernales/qgispluginsdev/sec_interp/logs/sec_interp_debug.log
2025-12-28 23:19:58 | DEBUG    | SecInterp.sec_interp.exporters.profile_exporters | get_logger:127 | Thread-129580651498432 | File logging initialized: /home/jmbernales/qgispluginsdev/sec_interp/logs/sec_interp_debug.log
2025-12-28 23:19:58 | DEBUG    | SecInterp.sec_interp.exporters.shp_exporter | get_logger:127 | Thread-129580651498432 | File logging initialized: /home/jmbernales/qgispluginsdev/sec_interp/logs/sec_interp_debug.log
2025-12-28 23:19:58 | DEBUG    | SecInterp.sec_interp.exporters.svg_exporter | get_logger:127 | Thread-129580651498432 | File logging initialized: /home/jmbernales/qgispluginsdev/sec_interp/logs/sec_interp_debug.log
2025-12-28 23:19:58 | DEBUG    | SecInterp.sec_interp.gui.utils | get_logger:127 | Thread-129580651498432 | File logging initialized: /home/jmbernales/qgispluginsdev/sec_interp/logs/sec_interp_debug.log
2025-12-28 23:19:58 | DEBUG    | SecInterp.sec_interp.gui.main_dialog | get_logger:127 | Thread-129580651498432 | File logging initialized: /home/jmbernales/qgispluginsdev/sec_interp/logs/sec_interp_debug.log
2025-12-28 23:20:00 | DEBUG    | SecInterp.sec_interp.core.utils.geometry_utils.filtering | get_logger:127 | Thread-127662207658944 | File logging initialized: /home/jmbernales/qgispluginsdev/sec_interp/logs/sec_interp_debug.log
2025-12-28 23:20:00 | DEBUG    | SecInterp.sec_interp.core.utils.geometry_utils.processing | get_logger:127 | Thread-127662207658944 | File logging initialized: /home/jmbernales/qgispluginsdev/sec_interp/logs/sec_interp_debug.log
2025-12-28 23:20:00 | DEBUG    | SecInterp.sec_interp.core.performance_metrics | get_logger:127 | Thread-127662207658944 | File logging initialized: /home/jmbernales/qgispluginsdev/sec_interp/logs/sec_interp_debug.log
2025-12-28 23:20:00 | DEBUG    | SecInterp.sec_interp.core.utils.sampling | get_logger:127 | Thread-127662207658944 | File logging initialized: /home/jmbernales/qgispluginsdev/sec_interp/logs/sec_interp_debug.log
2025-12-28 23:20:00 | DEBUG    | SecInterp.sec_interp.core.config | get_logger:127 | Thread-127662207658944 | File logging initialized: /home/jmbernales/qgispluginsdev/sec_interp/logs/sec_interp_debug.log
2025-12-28 23:20:00 | DEBUG    | SecInterp.sec_interp.core.data_cache | get_logger:127 | Thread-127662207658944 | File logging initialized: /home/jmbernales/qgispluginsdev/sec_interp/logs/sec_interp_debug.log
2025-12-28 23:20:00 | DEBUG    | SecInterp.sec_interp.exporters.csv_exporter | get_logger:127 | Thread-127662207658944 | File logging initialized: /home/jmbernales/qgispluginsdev/sec_interp/logs/sec_interp_debug.log
2025-12-28 23:20:00 | DEBUG    | SecInterp.sec_interp.exporters.drillhole_exporters | get_logger:127 | Thread-127662207658944 | File logging initialized: /home/jmbernales/qgispluginsdev/sec_interp/logs/sec_interp_debug.log
2025-12-28 23:20:00 | DEBUG    | SecInterp.sec_interp.exporters.interpretation_exporters | get_logger:127 | Thread-127662207658944 | File logging initialized: /home/jmbernales/qgispluginsdev/sec_interp/logs/sec_interp_debug.log
2025-12-28 23:20:00 | DEBUG    | SecInterp.sec_interp.exporters.image_exporter | get_logger:127 | Thread-127662207658944 | File logging initialized: /home/jmbernales/qgispluginsdev/sec_interp/logs/sec_interp_debug.log
2025-12-28 23:20:00 | DEBUG    | SecInterp.sec_interp.exporters.pdf_exporter | get_logger:127 | Thread-127662207658944 | File logging initialized: /home/jmbernales/qgispluginsdev/sec_interp/logs/sec_interp_debug.log
2025-12-28 23:20:00 | DEBUG    | SecInterp.sec_interp.exporters.profile_exporters | get_logger:127 | Thread-127662207658944 | File logging initialized: /home/jmbernales/qgispluginsdev/sec_interp/logs/sec_interp_debug.log
2025-12-28 23:20:00 | DEBUG    | SecInterp.sec_interp.exporters.shp_exporter | get_logger:127 | Thread-127662207658944 | File logging initialized: /home/jmbernales/qgispluginsdev/sec_interp/logs/sec_interp_debug.log
2025-12-28 23:20:00 | DEBUG    | SecInterp.sec_interp.exporters.svg_exporter | get_logger:127 | Thread-127662207658944 | File logging initialized: /home/jmbernales/qgispluginsdev/sec_interp/logs/sec_interp_debug.log
2025-12-28 23:20:00 | DEBUG    | SecInterp.sec_interp.gui.utils | get_logger:127 | Thread-127662207658944 | File logging initialized: /home/jmbernales/qgispluginsdev/sec_interp/logs/sec_interp_debug.log
2025-12-28 23:20:00 | DEBUG    | SecInterp.sec_interp.gui.main_dialog | get_logger:127 | Thread-127662207658944 | File logging initialized: /home/jmbernales/qgispluginsdev/sec_interp/logs/sec_interp_debug.log
2025-12-28 23:24:14 | DEBUG    | SecInterp.sec_interp.core.utils.geometry_utils.filtering | get_logger:127 | Thread-134915273964480 | File logging initialized: /home/jmbernales/qgispluginsdev/sec_interp/logs/sec_interp_debug.log
2025-12-28 23:24:14 | DEBUG    | SecInterp.sec_interp.core.utils.geometry_utils.processing | get_logger:127 | Thread-134915273964480 | File logging initialized: /home/jmbernales/qgispluginsdev/sec_interp/logs/sec_interp_debug.log
2025-12-28 23:24:14 | DEBUG    | SecInterp.sec_interp.core.performance_metrics | get_logger:127 | Thread-134915273964480 | File logging initialized: /home/jmbernales/qgispluginsdev/sec_interp/logs/sec_interp_debug.log
2025-12-28 23:24:14 | DEBUG    | SecInterp.sec_interp.core.utils.sampling | get_logger:127 | Thread-134915273964480 | File logging initialized: /home/jmbernales/qgispluginsdev/sec_interp/logs/sec_interp_debug.log
2025-12-28 23:24:14 | DEBUG    | SecInterp.sec_interp.core.config | get_logger:127 | Thread-134915273964480 | File logging initialized: /home/jmbernales/qgispluginsdev/sec_interp/logs/sec_interp_debug.log
2025-12-28 23:24:14 | DEBUG    | SecInterp.sec_interp.core.data_cache | get_logger:127 | Thread-134915273964480 | File logging initialized: /home/jmbernales/qgispluginsdev/sec_interp/logs/sec_interp_debug.log
2025-12-28 23:24:14 | DEBUG    | SecInterp.sec_interp.exporters.csv_exporter | get_logger:127 | Thread-134915273964480 | File logging initialized: /home/jmbernales/qgispluginsdev/sec_interp/logs/sec_interp_debug.log
2025-12-28 23:24:14 | DEBUG    | SecInterp.sec_interp.exporters.drillhole_exporters | get_logger:127 | Thread-134915273964480 | File logging initialized: /home/jmbernales/qgispluginsdev/sec_interp/logs/sec_interp_debug.log
2025-12-28 23:24:14 | DEBUG    | SecInterp.sec_interp.exporters.interpretation_exporters | get_logger:127 | Thread-134915273964480 | File logging initialized: /home/jmbernales/qgispluginsdev/sec_interp/logs/sec_interp_debug.log
2025-12-28 23:24:14 | DEBUG    | SecInterp.sec_interp.exporters.image_exporter | get_logger:127 | Thread-134915273964480 | File logging initialized: /home/jmbernales/qgispluginsdev/sec_interp/logs/sec_interp_debug.log
2025-12-28 23:24:14 | DEBUG    | SecInterp.sec_interp.exporters.pdf_exporter | get_logger:127 | Thread-134915273964480 | File logging initialized: /home/jmbernales/qgispluginsdev/sec_interp/logs/sec_interp_debug.log
2025-12-28 23:24:14 | DEBUG    | SecInterp.sec_interp.exporters.profile_exporters | get_logger:127 | Thread-134915273964480 | File logging initialized: /home/jmbernales/qgispluginsdev/sec_interp/logs/sec_interp_debug.log
2025-12-28 23:24:14 | DEBUG    | SecInterp.sec_interp.exporters.shp_exporter | get_logger:127 | Thread-134915273964480 | File logging initialized: /home/jmbernales/qgispluginsdev/sec_interp/logs/sec_interp_debug.log
2025-12-28 23:24:14 | DEBUG    | SecInterp.sec_interp.exporters.svg_exporter | get_logger:127 | Thread-134915273964480 | File logging initialized: /home/jmbernales/qgispluginsdev/sec_interp/logs/sec_interp_debug.log
2025-12-28 23:24:14 | DEBUG    | SecInterp.sec_interp.gui.utils | get_logger:127 | Thread-134915273964480 | File logging initialized: /home/jmbernales/qgispluginsdev/sec_interp/logs/sec_interp_debug.log
2025-12-28 23:24:14 | DEBUG    | SecInterp.sec_interp.gui.main_dialog | get_logger:127 | Thread-134915273964480 | File logging initialized: /home/jmbernales/qgispluginsdev/sec_interp/logs/sec_interp_debug.log
2025-12-28 23:58:33 | DEBUG    | SecInterp.sec_interp.core.config | get_logger:127 | Thread-140390240529344 | File logging initialized: /home/jmbernales/qgispluginsdev/sec_interp/logs/sec_interp_debug.log
2025-12-28 23:58:33 | DEBUG    | SecInterp.sec_interp.core.utils.geometry_utils.filtering | get_logger:127 | Thread-140390240529344 | File logging initialized: /home/jmbernales/qgispluginsdev/sec_interp/logs/sec_interp_debug.log
2025-12-28 23:58:33 | DEBUG    | SecInterp.sec_interp.core.utils.geometry_utils.processing | get_logger:127 | Thread-140390240529344 | File logging initialized: /home/jmbernales/qgispluginsdev/sec_interp/logs/sec_interp_debug.log
2025-12-28 23:58:33 | DEBUG    | SecInterp.sec_interp.core.performance_metrics | get_logger:127 | Thread-140390240529344 | File logging initialized: /home/jmbernales/qgispluginsdev/sec_interp/logs/sec_interp_debug.log
2025-12-28 23:58:33 | DEBUG    | SecInterp.sec_interp.core.utils.sampling | get_logger:127 | Thread-140390240529344 | File logging initialized: /home/jmbernales/qgispluginsdev/sec_interp/logs/sec_interp_debug.log
2025-12-28 23:58:33 | DEBUG    | SecInterp.sec_interp.core.data_cache | get_logger:127 | Thread-140390240529344 | File logging initialized: /home/jmbernales/qgispluginsdev/sec_interp/logs/sec_interp_debug.log
2025-12-28 23:58:34 | DEBUG    | SecInterp.sec_interp.core.utils.geometry_utils.optimization | get_logger:127 | Thread-140390240529344 | File logging initialized: /home/jmbernales/qgispluginsdev/sec_interp/logs/sec_interp_debug.log
2025-12-28 23:58:34 | DEBUG    | SecInterp.sec_interp.core.utils.resource_manager | get_logger:127 | Thread-140390240529344 | File logging initialized: /home/jmbernales/qgispluginsdev/sec_interp/logs/sec_interp_debug.log
2025-12-28 23:58:34 | DEBUG    | SecInterp.sec_interp.exporters.csv_exporter | get_logger:127 | Thread-140390240529344 | File logging initialized: /home/jmbernales/qgispluginsdev/sec_interp/logs/sec_interp_debug.log
2025-12-28 23:58:34 | DEBUG    | SecInterp.sec_interp.exporters.drillhole_exporters | get_logger:127 | Thread-140390240529344 | File logging initialized: /home/jmbernales/qgispluginsdev/sec_interp/logs/sec_interp_debug.log
2025-12-28 23:58:34 | DEBUG    | SecInterp.sec_interp.exporters.interpretation_exporters | get_logger:127 | Thread-140390240529344 | File logging initialized: /home/jmbernales/qgispluginsdev/sec_interp/logs/sec_interp_debug.log
2025-12-28 23:58:34 | DEBUG    | SecInterp.sec_interp.exporters.image_exporter | get_logger:127 | Thread-140390240529344 | File logging initialized: /home/jmbernales/qgispluginsdev/sec_interp/logs/sec_interp_debug.log
2025-12-28 23:58:34 | DEBUG    | SecInterp.sec_interp.exporters.pdf_exporter | get_logger:127 | Thread-140390240529344 | File logging initialized: /home/jmbernales/qgispluginsdev/sec_interp/logs/sec_interp_debug.log
2025-12-28 23:58:34 | DEBUG    | SecInterp.sec_interp.exporters.profile_exporters | get_logger:127 | Thread-140390240529344 | File logging initialized: /home/jmbernales/qgispluginsdev/sec_interp/logs/sec_interp_debug.log
2025-12-28 23:58:34 | DEBUG    | SecInterp.sec_interp.exporters.shp_exporter | get_logger:127 | Thread-140390240529344 | File logging initialized: /home/jmbernales/qgispluginsdev/sec_interp/logs/sec_interp_debug.log
2025-12-28 23:58:34 | DEBUG    | SecInterp.sec_interp.exporters.svg_exporter | get_logger:127 | Thread-140390240529344 | File logging initialized: /home/jmbernales/qgispluginsdev/sec_interp/logs/sec_interp_debug.log
2025-12-28 23:58:35 | DEBUG    | SecInterp.sec_interp.gui.utils | get_logger:127 | Thread-140390240529344 | File logging initialized: /home/jmbernales/qgispluginsdev/sec_interp/logs/sec_interp_debug.log
2025-12-28 23:58:35 | DEBUG    | SecInterp.sec_interp.gui.main_dialog | get_logger:127 | Thread-140390240529344 | File logging initialized: /home/jmbernales/qgispluginsdev/sec_interp/logs/sec_interp_debug.log
2025-12-28 23:58:35 | DEBUG    | SecInterp.sec_interp.core.services.drillhole_service | get_logger:127 | Thread-140390240529344 | File logging initialized: /home/jmbernales/qgispluginsdev/sec_interp/logs/sec_interp_debug.log
2025-12-28 23:58:35 | DEBUG    | SecInterp.sec_interp.core.services.geology_service | get_logger:127 | Thread-140390240529344 | File logging initialized: /home/jmbernales/qgispluginsdev/sec_interp/logs/sec_interp_debug.log
2025-12-28 23:58:35 | DEBUG    | SecInterp.sec_interp.core.services.profile_service | get_logger:127 | Thread-140390240529344 | File logging initialized: /home/jmbernales/qgispluginsdev/sec_interp/logs/sec_interp_debug.log
2025-12-28 23:58:35 | DEBUG    | SecInterp.sec_interp.core.services.structure_service | get_logger:127 | Thread-140390240529344 | File logging initialized: /home/jmbernales/qgispluginsdev/sec_interp/logs/sec_interp_debug.log
2025-12-28 23:58:35 | DEBUG    | SecInterp.sec_interp.core.services.export_service | get_logger:127 | Thread-140390240529344 | File logging initialized: /home/jmbernales/qgispluginsdev/sec_interp/logs/sec_interp_debug.log
2025-12-28 23:58:35 | DEBUG    | SecInterp.sec_interp.gui.main_dialog_export | get_logger:127 | Thread-140390240529344 | File logging initialized: /home/jmbernales/qgispluginsdev/sec_interp/logs/sec_interp_debug.log
2025-12-28 23:58:35 | DEBUG    | SecInterp.sec_interp.core.services.preview_service | get_logger:127 | Thread-140390240529344 | File logging initialized: /home/jmbernales/qgispluginsdev/sec_interp/logs/sec_interp_debug.log
2025-12-28 23:58:35 | DEBUG    | SecInterp.sec_interp.gui.services.parallel_geology_service | get_logger:127 | Thread-140390240529344 | File logging initialized: /home/jmbernales/qgispluginsdev/sec_interp/logs/sec_interp_debug.log
2025-12-28 23:58:35 | DEBUG    | SecInterp.sec_interp.gui.main_dialog_preview | get_logger:127 | Thread-140390240529344 | File logging initialized: /home/jmbernales/qgispluginsdev/sec_interp/logs/sec_interp_debug.log
2025-12-28 23:58:35 | DEBUG    | SecInterp.sec_interp.gui.main_dialog_signals | get_logger:127 | Thread-140390240529344 | File logging initialized: /home/jmbernales/qgispluginsdev/sec_interp/logs/sec_interp_debug.log
2025-12-28 23:58:35 | DEBUG    | SecInterp.sec_interp.gui.tools.measure_tool | get_logger:127 | Thread-140390240529344 | File logging initialized: /home/jmbernales/qgispluginsdev/sec_interp/logs/sec_interp_debug.log
2025-12-28 23:58:35 | DEBUG    | SecInterp.sec_interp.gui.tools.interpretation_tool | get_logger:127 | Thread-140390240529344 | File logging initialized: /home/jmbernales/qgispluginsdev/sec_interp/logs/sec_interp_debug.log
2025-12-28 23:58:35 | DEBUG    | SecInterp.sec_interp.gui.ui.pages.drillhole_page | get_logger:127 | Thread-140390240529344 | File logging initialized: /home/jmbernales/qgispluginsdev/sec_interp/logs/sec_interp_debug.log
2025-12-28 23:58:35 | DEBUG    | SecInterp.sec_interp.gui.preview_axes_manager | get_logger:127 | Thread-140390240529344 | File logging initialized: /home/jmbernales/qgispluginsdev/sec_interp/logs/sec_interp_debug.log
2025-12-28 23:58:35 | DEBUG    | SecInterp.sec_interp.gui.preview_layer_factory | get_logger:127 | Thread-140390240529344 | File logging initialized: /home/jmbernales/qgispluginsdev/sec_interp/logs/sec_interp_debug.log
2025-12-28 23:58:35 | DEBUG    | SecInterp.sec_interp.gui.preview_legend_renderer | get_logger:127 | Thread-140390240529344 | File logging initialized: /home/jmbernales/qgispluginsdev/sec_interp/logs/sec_interp_debug.log
2025-12-28 23:58:35 | DEBUG    | SecInterp.sec_interp.gui.preview_renderer | get_logger:127 | Thread-140390240529344 | File logging initialized: /home/jmbernales/qgispluginsdev/sec_interp/logs/sec_interp_debug.log
2025-12-28 23:58:36 | DEBUG    | SecInterp.sec_interp.core.controller | get_logger:127 | Thread-140390240529344 | File logging initialized: /home/jmbernales/qgispluginsdev/sec_interp/logs/sec_interp_debug.log
2025-12-28 23:58:36 | DEBUG    | SecInterp.sec_interp.sec_interp_plugin | get_logger:127 | Thread-140390240529344 | File logging initialized: /home/jmbernales/qgispluginsdev/sec_interp/logs/sec_interp_debug.log
2025-12-29 02:53:26 | DEBUG    | SecInterp.sec_interp.core.utils.geometry_utils.filtering | get_logger:127 | Thread-130537971940288 | File logging initialized: /home/jmbernales/qgispluginsdev/sec_interp/logs/sec_interp_debug.log
2025-12-29 02:53:26 | DEBUG    | SecInterp.sec_interp.core.utils.geometry_utils.processing | get_logger:127 | Thread-130537971940288 | File logging initialized: /home/jmbernales/qgispluginsdev/sec_interp/logs/sec_interp_debug.log
2025-12-29 02:53:26 | DEBUG    | SecInterp.sec_interp.core.performance_metrics | get_logger:127 | Thread-130537971940288 | File logging initialized: /home/jmbernales/qgispluginsdev/sec_interp/logs/sec_interp_debug.log
2025-12-29 02:53:26 | DEBUG    | SecInterp.sec_interp.core.utils.sampling | get_logger:127 | Thread-130537971940288 | File logging initialized: /home/jmbernales/qgispluginsdev/sec_interp/logs/sec_interp_debug.log
2025-12-29 02:58:01 | DEBUG    | SecInterp.sec_interp.core.config | get_logger:127 | Thread-132459548834752 | File logging initialized: /home/jmbernales/qgispluginsdev/sec_interp/logs/sec_interp_debug.log
2025-12-29 02:58:01 | DEBUG    | SecInterp.sec_interp.core.utils.geometry_utils.filtering | get_logger:127 | Thread-132459548834752 | File logging initialized: /home/jmbernales/qgispluginsdev/sec_interp/logs/sec_interp_debug.log
2025-12-29 02:58:01 | DEBUG    | SecInterp.sec_interp.core.utils.geometry_utils.processing | get_logger:127 | Thread-132459548834752 | File logging initialized: /home/jmbernales/qgispluginsdev/sec_interp/logs/sec_interp_debug.log
2025-12-29 02:58:01 | DEBUG    | SecInterp.sec_interp.core.performance_metrics | get_logger:127 | Thread-132459548834752 | File logging initialized: /home/jmbernales/qgispluginsdev/sec_interp/logs/sec_interp_debug.log
2025-12-29 02:58:01 | DEBUG    | SecInterp.sec_interp.core.utils.sampling | get_logger:127 | Thread-132459548834752 | File logging initialized: /home/jmbernales/qgispluginsdev/sec_interp/logs/sec_interp_debug.log
2025-12-29 02:58:01 | DEBUG    | SecInterp.sec_interp.core.data_cache | get_logger:127 | Thread-132459548834752 | File logging initialized: /home/jmbernales/qgispluginsdev/sec_interp/logs/sec_interp_debug.log
2025-12-29 02:58:01 | DEBUG    | SecInterp.sec_interp.core.utils.geometry_utils.optimization | get_logger:127 | Thread-132459548834752 | File logging initialized: /home/jmbernales/qgispluginsdev/sec_interp/logs/sec_interp_debug.log
2025-12-29 02:58:02 | DEBUG    | SecInterp.sec_interp.core.utils.resource_manager | get_logger:127 | Thread-132459548834752 | File logging initialized: /home/jmbernales/qgispluginsdev/sec_interp/logs/sec_interp_debug.log
2025-12-29 02:58:02 | DEBUG    | SecInterp.sec_interp.exporters.csv_exporter | get_logger:127 | Thread-132459548834752 | File logging initialized: /home/jmbernales/qgispluginsdev/sec_interp/logs/sec_interp_debug.log
2025-12-29 02:58:02 | DEBUG    | SecInterp.sec_interp.exporters.drillhole_exporters | get_logger:127 | Thread-132459548834752 | File logging initialized: /home/jmbernales/qgispluginsdev/sec_interp/logs/sec_interp_debug.log
2025-12-29 02:58:02 | DEBUG    | SecInterp.sec_interp.exporters.interpretation_exporters | get_logger:127 | Thread-132459548834752 | File logging initialized: /home/jmbernales/qgispluginsdev/sec_interp/logs/sec_interp_debug.log
2025-12-29 02:58:02 | DEBUG    | SecInterp.sec_interp.exporters.image_exporter | get_logger:127 | Thread-132459548834752 | File logging initialized: /home/jmbernales/qgispluginsdev/sec_interp/logs/sec_interp_debug.log
2025-12-29 02:58:02 | DEBUG    | SecInterp.sec_interp.exporters.pdf_exporter | get_logger:127 | Thread-132459548834752 | File logging initialized: /home/jmbernales/qgispluginsdev/sec_interp/logs/sec_interp_debug.log
2025-12-29 02:58:02 | DEBUG    | SecInterp.sec_interp.exporters.profile_exporters | get_logger:127 | Thread-132459548834752 | File logging initialized: /home/jmbernales/qgispluginsdev/sec_interp/logs/sec_interp_debug.log
2025-12-29 02:58:02 | DEBUG    | SecInterp.sec_interp.exporters.shp_exporter | get_logger:127 | Thread-132459548834752 | File logging initialized: /home/jmbernales/qgispluginsdev/sec_interp/logs/sec_interp_debug.log
2025-12-29 02:58:02 | DEBUG    | SecInterp.sec_interp.exporters.svg_exporter | get_logger:127 | Thread-132459548834752 | File logging initialized: /home/jmbernales/qgispluginsdev/sec_interp/logs/sec_interp_debug.log
2025-12-29 02:58:02 | DEBUG    | SecInterp.sec_interp.gui.utils | get_logger:127 | Thread-132459548834752 | File logging initialized: /home/jmbernales/qgispluginsdev/sec_interp/logs/sec_interp_debug.log
2025-12-29 02:58:02 | DEBUG    | SecInterp.sec_interp.gui.main_dialog | get_logger:127 | Thread-132459548834752 | File logging initialized: /home/jmbernales/qgispluginsdev/sec_interp/logs/sec_interp_debug.log
2025-12-29 02:58:03 | DEBUG    | SecInterp.sec_interp.core.services.drillhole_service | get_logger:127 | Thread-132459548834752 | File logging initialized: /home/jmbernales/qgispluginsdev/sec_interp/logs/sec_interp_debug.log
2025-12-29 02:58:03 | DEBUG    | SecInterp.sec_interp.core.services.geology_service | get_logger:127 | Thread-132459548834752 | File logging initialized: /home/jmbernales/qgispluginsdev/sec_interp/logs/sec_interp_debug.log
2025-12-29 02:58:03 | DEBUG    | SecInterp.sec_interp.core.services.profile_service | get_logger:127 | Thread-132459548834752 | File logging initialized: /home/jmbernales/qgispluginsdev/sec_interp/logs/sec_interp_debug.log
2025-12-29 02:58:03 | DEBUG    | SecInterp.sec_interp.core.services.structure_service | get_logger:127 | Thread-132459548834752 | File logging initialized: /home/jmbernales/qgispluginsdev/sec_interp/logs/sec_interp_debug.log
2025-12-29 02:58:03 | DEBUG    | SecInterp.sec_interp.core.services.export_service | get_logger:127 | Thread-132459548834752 | File logging initialized: /home/jmbernales/qgispluginsdev/sec_interp/logs/sec_interp_debug.log
2025-12-29 02:58:03 | DEBUG    | SecInterp.sec_interp.gui.main_dialog_export | get_logger:127 | Thread-132459548834752 | File logging initialized: /home/jmbernales/qgispluginsdev/sec_interp/logs/sec_interp_debug.log
2025-12-29 02:58:03 | DEBUG    | SecInterp.sec_interp.core.services.preview_service | get_logger:127 | Thread-132459548834752 | File logging initialized: /home/jmbernales/qgispluginsdev/sec_interp/logs/sec_interp_debug.log
2025-12-29 02:58:03 | DEBUG    | SecInterp.sec_interp.gui.services.parallel_geology_service | get_logger:127 | Thread-132459548834752 | File logging initialized: /home/jmbernales/qgispluginsdev/sec_interp/logs/sec_interp_debug.log
2025-12-29 02:58:03 | DEBUG    | SecInterp.sec_interp.gui.main_dialog_preview | get_logger:127 | Thread-132459548834752 | File logging initialized: /home/jmbernales/qgispluginsdev/sec_interp/logs/sec_interp_debug.log
2025-12-29 02:58:03 | DEBUG    | SecInterp.sec_interp.gui.main_dialog_signals | get_logger:127 | Thread-132459548834752 | File logging initialized: /home/jmbernales/qgispluginsdev/sec_interp/logs/sec_interp_debug.log
2025-12-29 02:58:03 | DEBUG    | SecInterp.sec_interp.gui.tools.measure_tool | get_logger:127 | Thread-132459548834752 | File logging initialized: /home/jmbernales/qgispluginsdev/sec_interp/logs/sec_interp_debug.log
2025-12-29 02:58:03 | DEBUG    | SecInterp.sec_interp.gui.tools.interpretation_tool | get_logger:127 | Thread-132459548834752 | File logging initialized: /home/jmbernales/qgispluginsdev/sec_interp/logs/sec_interp_debug.log
2025-12-29 02:58:03 | DEBUG    | SecInterp.sec_interp.gui.ui.pages.drillhole_page | get_logger:127 | Thread-132459548834752 | File logging initialized: /home/jmbernales/qgispluginsdev/sec_interp/logs/sec_interp_debug.log
2025-12-29 02:58:03 | DEBUG    | SecInterp.sec_interp.gui.preview_axes_manager | get_logger:127 | Thread-132459548834752 | File logging initialized: /home/jmbernales/qgispluginsdev/sec_interp/logs/sec_interp_debug.log
2025-12-29 02:58:03 | DEBUG    | SecInterp.sec_interp.gui.preview_layer_factory | get_logger:127 | Thread-132459548834752 | File logging initialized: /home/jmbernales/qgispluginsdev/sec_interp/logs/sec_interp_debug.log
2025-12-29 02:58:03 | DEBUG    | SecInterp.sec_interp.gui.preview_legend_renderer | get_logger:127 | Thread-132459548834752 | File logging initialized: /home/jmbernales/qgispluginsdev/sec_interp/logs/sec_interp_debug.log
2025-12-29 02:58:03 | DEBUG    | SecInterp.sec_interp.gui.preview_renderer | get_logger:127 | Thread-132459548834752 | File logging initialized: /home/jmbernales/qgispluginsdev/sec_interp/logs/sec_interp_debug.log
2025-12-29 02:58:04 | DEBUG    | SecInterp.sec_interp.core.controller | get_logger:127 | Thread-132459548834752 | File logging initialized: /home/jmbernales/qgispluginsdev/sec_interp/logs/sec_interp_debug.log
2025-12-29 02:58:04 | DEBUG    | SecInterp.sec_interp.sec_interp_plugin | get_logger:127 | Thread-132459548834752 | File logging initialized: /home/jmbernales/qgispluginsdev/sec_interp/logs/sec_interp_debug.log
2025-12-29 03:01:28 | DEBUG    | SecInterp.sec_interp.core.config | get_logger:127 | Thread-127868917382080 | File logging initialized: /home/jmbernales/qgispluginsdev/sec_interp/logs/sec_interp_debug.log
2025-12-29 03:01:28 | DEBUG    | SecInterp.sec_interp.core.utils.geometry_utils.filtering | get_logger:127 | Thread-127868917382080 | File logging initialized: /home/jmbernales/qgispluginsdev/sec_interp/logs/sec_interp_debug.log
2025-12-29 03:01:28 | DEBUG    | SecInterp.sec_interp.core.utils.geometry_utils.processing | get_logger:127 | Thread-127868917382080 | File logging initialized: /home/jmbernales/qgispluginsdev/sec_interp/logs/sec_interp_debug.log
2025-12-29 03:01:28 | DEBUG    | SecInterp.sec_interp.core.performance_metrics | get_logger:127 | Thread-127868917382080 | File logging initialized: /home/jmbernales/qgispluginsdev/sec_interp/logs/sec_interp_debug.log
2025-12-29 03:01:28 | DEBUG    | SecInterp.sec_interp.core.utils.sampling | get_logger:127 | Thread-127868917382080 | File logging initialized: /home/jmbernales/qgispluginsdev/sec_interp/logs/sec_interp_debug.log
2025-12-29 03:01:28 | DEBUG    | SecInterp.sec_interp.core.data_cache | get_logger:127 | Thread-127868917382080 | File logging initialized: /home/jmbernales/qgispluginsdev/sec_interp/logs/sec_interp_debug.log
2025-12-29 03:01:28 | DEBUG    | SecInterp.sec_interp.core.utils.geometry_utils.optimization | get_logger:127 | Thread-127868917382080 | File logging initialized: /home/jmbernales/qgispluginsdev/sec_interp/logs/sec_interp_debug.log
2025-12-29 03:01:28 | DEBUG    | SecInterp.sec_interp.core.utils.resource_manager | get_logger:127 | Thread-127868917382080 | File logging initialized: /home/jmbernales/qgispluginsdev/sec_interp/logs/sec_interp_debug.log
2025-12-29 03:01:29 | DEBUG    | SecInterp.sec_interp.exporters.csv_exporter | get_logger:127 | Thread-127868917382080 | File logging initialized: /home/jmbernales/qgispluginsdev/sec_interp/logs/sec_interp_debug.log
2025-12-29 03:01:29 | DEBUG    | SecInterp.sec_interp.exporters.drillhole_exporters | get_logger:127 | Thread-127868917382080 | File logging initialized: /home/jmbernales/qgispluginsdev/sec_interp/logs/sec_interp_debug.log
2025-12-29 03:01:29 | DEBUG    | SecInterp.sec_interp.exporters.interpretation_exporters | get_logger:127 | Thread-127868917382080 | File logging initialized: /home/jmbernales/qgispluginsdev/sec_interp/logs/sec_interp_debug.log
2025-12-29 03:01:29 | DEBUG    | SecInterp.sec_interp.exporters.image_exporter | get_logger:127 | Thread-127868917382080 | File logging initialized: /home/jmbernales/qgispluginsdev/sec_interp/logs/sec_interp_debug.log
2025-12-29 03:01:29 | DEBUG    | SecInterp.sec_interp.exporters.pdf_exporter | get_logger:127 | Thread-127868917382080 | File logging initialized: /home/jmbernales/qgispluginsdev/sec_interp/logs/sec_interp_debug.log
2025-12-29 03:01:29 | DEBUG    | SecInterp.sec_interp.exporters.profile_exporters | get_logger:127 | Thread-127868917382080 | File logging initialized: /home/jmbernales/qgispluginsdev/sec_interp/logs/sec_interp_debug.log
2025-12-29 03:01:29 | DEBUG    | SecInterp.sec_interp.exporters.shp_exporter | get_logger:127 | Thread-127868917382080 | File logging initialized: /home/jmbernales/qgispluginsdev/sec_interp/logs/sec_interp_debug.log
2025-12-29 03:01:29 | DEBUG    | SecInterp.sec_interp.exporters.svg_exporter | get_logger:127 | Thread-127868917382080 | File logging initialized: /home/jmbernales/qgispluginsdev/sec_interp/logs/sec_interp_debug.log
2025-12-29 03:01:29 | DEBUG    | SecInterp.sec_interp.gui.utils | get_logger:127 | Thread-127868917382080 | File logging initialized: /home/jmbernales/qgispluginsdev/sec_interp/logs/sec_interp_debug.log
2025-12-29 03:01:29 | DEBUG    | SecInterp.sec_interp.gui.main_dialog | get_logger:127 | Thread-127868917382080 | File logging initialized: /home/jmbernales/qgispluginsdev/sec_interp/logs/sec_interp_debug.log
2025-12-29 03:01:30 | DEBUG    | SecInterp.sec_interp.core.services.drillhole_service | get_logger:127 | Thread-127868917382080 | File logging initialized: /home/jmbernales/qgispluginsdev/sec_interp/logs/sec_interp_debug.log
2025-12-29 03:01:30 | DEBUG    | SecInterp.sec_interp.core.services.geology_service | get_logger:127 | Thread-127868917382080 | File logging initialized: /home/jmbernales/qgispluginsdev/sec_interp/logs/sec_interp_debug.log
2025-12-29 03:01:30 | DEBUG    | SecInterp.sec_interp.core.services.profile_service | get_logger:127 | Thread-127868917382080 | File logging initialized: /home/jmbernales/qgispluginsdev/sec_interp/logs/sec_interp_debug.log
2025-12-29 03:01:30 | DEBUG    | SecInterp.sec_interp.core.services.structure_service | get_logger:127 | Thread-127868917382080 | File logging initialized: /home/jmbernales/qgispluginsdev/sec_interp/logs/sec_interp_debug.log
2025-12-29 03:01:30 | DEBUG    | SecInterp.sec_interp.core.services.export_service | get_logger:127 | Thread-127868917382080 | File logging initialized: /home/jmbernales/qgispluginsdev/sec_interp/logs/sec_interp_debug.log
2025-12-29 03:01:30 | DEBUG    | SecInterp.sec_interp.gui.main_dialog_export | get_logger:127 | Thread-127868917382080 | File logging initialized: /home/jmbernales/qgispluginsdev/sec_interp/logs/sec_interp_debug.log
2025-12-29 03:01:30 | DEBUG    | SecInterp.sec_interp.core.services.preview_service | get_logger:127 | Thread-127868917382080 | File logging initialized: /home/jmbernales/qgispluginsdev/sec_interp/logs/sec_interp_debug.log
2025-12-29 03:01:30 | DEBUG    | SecInterp.sec_interp.gui.services.parallel_geology_service | get_logger:127 | Thread-127868917382080 | File logging initialized: /home/jmbernales/qgispluginsdev/sec_interp/logs/sec_interp_debug.log
2025-12-29 03:01:30 | DEBUG    | SecInterp.sec_interp.gui.main_dialog_preview | get_logger:127 | Thread-127868917382080 | File logging initialized: /home/jmbernales/qgispluginsdev/sec_interp/logs/sec_interp_debug.log
2025-12-29 03:01:30 | DEBUG    | SecInterp.sec_interp.gui.main_dialog_signals | get_logger:127 | Thread-127868917382080 | File logging initialized: /home/jmbernales/qgispluginsdev/sec_interp/logs/sec_interp_debug.log
2025-12-29 03:01:30 | DEBUG    | SecInterp.sec_interp.gui.tools.measure_tool | get_logger:127 | Thread-127868917382080 | File logging initialized: /home/jmbernales/qgispluginsdev/sec_interp/logs/sec_interp_debug.log
2025-12-29 03:01:30 | DEBUG    | SecInterp.sec_interp.gui.tools.interpretation_tool | get_logger:127 | Thread-127868917382080 | File logging initialized: /home/jmbernales/qgispluginsdev/sec_interp/logs/sec_interp_debug.log
2025-12-29 03:01:30 | DEBUG    | SecInterp.sec_interp.gui.ui.pages.drillhole_page | get_logger:127 | Thread-127868917382080 | File logging initialized: /home/jmbernales/qgispluginsdev/sec_interp/logs/sec_interp_debug.log
2025-12-29 03:01:30 | DEBUG    | SecInterp.sec_interp.gui.preview_axes_manager | get_logger:127 | Thread-127868917382080 | File logging initialized: /home/jmbernales/qgispluginsdev/sec_interp/logs/sec_interp_debug.log
2025-12-29 03:01:30 | DEBUG    | SecInterp.sec_interp.gui.preview_layer_factory | get_logger:127 | Thread-127868917382080 | File logging initialized: /home/jmbernales/qgispluginsdev/sec_interp/logs/sec_interp_debug.log
2025-12-29 03:01:30 | DEBUG    | SecInterp.sec_interp.gui.preview_legend_renderer | get_logger:127 | Thread-127868917382080 | File logging initialized: /home/jmbernales/qgispluginsdev/sec_interp/logs/sec_interp_debug.log
2025-12-29 03:01:30 | DEBUG    | SecInterp.sec_interp.gui.preview_renderer | get_logger:127 | Thread-127868917382080 | File logging initialized: /home/jmbernales/qgispluginsdev/sec_interp/logs/sec_interp_debug.log
2025-12-29 03:01:31 | DEBUG    | SecInterp.sec_interp.core.controller | get_logger:127 | Thread-127868917382080 | File logging initialized: /home/jmbernales/qgispluginsdev/sec_interp/logs/sec_interp_debug.log
2025-12-29 03:01:31 | DEBUG    | SecInterp.sec_interp.sec_interp_plugin | get_logger:127 | Thread-127868917382080 | File logging initialized: /home/jmbernales/qgispluginsdev/sec_interp/logs/sec_interp_debug.log
2025-12-29 03:05:26 | DEBUG    | SecInterp.sec_interp.core.config | get_logger:127 | Thread-124422180486080 | File logging initialized: /home/jmbernales/qgispluginsdev/sec_interp/logs/sec_interp_debug.log
2025-12-29 03:05:26 | DEBUG    | SecInterp.sec_interp.core.utils.geometry_utils.filtering | get_logger:127 | Thread-124422180486080 | File logging initialized: /home/jmbernales/qgispluginsdev/sec_interp/logs/sec_interp_debug.log
2025-12-29 03:05:26 | DEBUG    | SecInterp.sec_interp.core.utils.geometry_utils.processing | get_logger:127 | Thread-124422180486080 | File logging initialized: /home/jmbernales/qgispluginsdev/sec_interp/logs/sec_interp_debug.log
2025-12-29 03:05:26 | DEBUG    | SecInterp.sec_interp.core.performance_metrics | get_logger:127 | Thread-124422180486080 | File logging initialized: /home/jmbernales/qgispluginsdev/sec_interp/logs/sec_interp_debug.log
2025-12-29 03:05:26 | DEBUG    | SecInterp.sec_interp.core.utils.sampling | get_logger:127 | Thread-124422180486080 | File logging initialized: /home/jmbernales/qgispluginsdev/sec_interp/logs/sec_interp_debug.log
2025-12-29 03:05:26 | DEBUG    | SecInterp.sec_interp.core.data_cache | get_logger:127 | Thread-124422180486080 | File logging initialized: /home/jmbernales/qgispluginsdev/sec_interp/logs/sec_interp_debug.log
2025-12-29 03:05:27 | DEBUG    | SecInterp.sec_interp.core.utils.geometry_utils.optimization | get_logger:127 | Thread-124422180486080 | File logging initialized: /home/jmbernales/qgispluginsdev/sec_interp/logs/sec_interp_debug.log
2025-12-29 03:05:27 | DEBUG    | SecInterp.sec_interp.core.utils.resource_manager | get_logger:127 | Thread-124422180486080 | File logging initialized: /home/jmbernales/qgispluginsdev/sec_interp/logs/sec_interp_debug.log
2025-12-29 03:05:27 | DEBUG    | SecInterp.sec_interp.exporters.csv_exporter | get_logger:127 | Thread-124422180486080 | File logging initialized: /home/jmbernales/qgispluginsdev/sec_interp/logs/sec_interp_debug.log
2025-12-29 03:05:27 | DEBUG    | SecInterp.sec_interp.exporters.drillhole_exporters | get_logger:127 | Thread-124422180486080 | File logging initialized: /home/jmbernales/qgispluginsdev/sec_interp/logs/sec_interp_debug.log
2025-12-29 03:05:27 | DEBUG    | SecInterp.sec_interp.exporters.interpretation_exporters | get_logger:127 | Thread-124422180486080 | File logging initialized: /home/jmbernales/qgispluginsdev/sec_interp/logs/sec_interp_debug.log
2025-12-29 03:05:27 | DEBUG    | SecInterp.sec_interp.exporters.image_exporter | get_logger:127 | Thread-124422180486080 | File logging initialized: /home/jmbernales/qgispluginsdev/sec_interp/logs/sec_interp_debug.log
2025-12-29 03:05:27 | DEBUG    | SecInterp.sec_interp.exporters.pdf_exporter | get_logger:127 | Thread-124422180486080 | File logging initialized: /home/jmbernales/qgispluginsdev/sec_interp/logs/sec_interp_debug.log
2025-12-29 03:05:27 | DEBUG    | SecInterp.sec_interp.exporters.profile_exporters | get_logger:127 | Thread-124422180486080 | File logging initialized: /home/jmbernales/qgispluginsdev/sec_interp/logs/sec_interp_debug.log
2025-12-29 03:05:27 | DEBUG    | SecInterp.sec_interp.exporters.shp_exporter | get_logger:127 | Thread-124422180486080 | File logging initialized: /home/jmbernales/qgispluginsdev/sec_interp/logs/sec_interp_debug.log
2025-12-29 03:05:27 | DEBUG    | SecInterp.sec_interp.exporters.svg_exporter | get_logger:127 | Thread-124422180486080 | File logging initialized: /home/jmbernales/qgispluginsdev/sec_interp/logs/sec_interp_debug.log
2025-12-29 03:05:27 | DEBUG    | SecInterp.sec_interp.gui.utils | get_logger:127 | Thread-124422180486080 | File logging initialized: /home/jmbernales/qgispluginsdev/sec_interp/logs/sec_interp_debug.log
2025-12-29 03:05:28 | DEBUG    | SecInterp.sec_interp.gui.main_dialog | get_logger:127 | Thread-124422180486080 | File logging initialized: /home/jmbernales/qgispluginsdev/sec_interp/logs/sec_interp_debug.log
2025-12-29 03:05:28 | DEBUG    | SecInterp.sec_interp.core.services.drillhole_service | get_logger:127 | Thread-124422180486080 | File logging initialized: /home/jmbernales/qgispluginsdev/sec_interp/logs/sec_interp_debug.log
2025-12-29 03:05:28 | DEBUG    | SecInterp.sec_interp.core.services.geology_service | get_logger:127 | Thread-124422180486080 | File logging initialized: /home/jmbernales/qgispluginsdev/sec_interp/logs/sec_interp_debug.log
2025-12-29 03:05:28 | DEBUG    | SecInterp.sec_interp.core.services.profile_service | get_logger:127 | Thread-124422180486080 | File logging initialized: /home/jmbernales/qgispluginsdev/sec_interp/logs/sec_interp_debug.log
2025-12-29 03:05:28 | DEBUG    | SecInterp.sec_interp.core.services.structure_service | get_logger:127 | Thread-124422180486080 | File logging initialized: /home/jmbernales/qgispluginsdev/sec_interp/logs/sec_interp_debug.log
2025-12-29 03:05:28 | DEBUG    | SecInterp.sec_interp.core.services.export_service | get_logger:127 | Thread-124422180486080 | File logging initialized: /home/jmbernales/qgispluginsdev/sec_interp/logs/sec_interp_debug.log
2025-12-29 03:05:28 | DEBUG    | SecInterp.sec_interp.gui.main_dialog_export | get_logger:127 | Thread-124422180486080 | File logging initialized: /home/jmbernales/qgispluginsdev/sec_interp/logs/sec_interp_debug.log
2025-12-29 03:05:28 | DEBUG    | SecInterp.sec_interp.core.services.preview_service | get_logger:127 | Thread-124422180486080 | File logging initialized: /home/jmbernales/qgispluginsdev/sec_interp/logs/sec_interp_debug.log
2025-12-29 03:05:28 | DEBUG    | SecInterp.sec_interp.gui.services.parallel_geology_service | get_logger:127 | Thread-124422180486080 | File logging initialized: /home/jmbernales/qgispluginsdev/sec_interp/logs/sec_interp_debug.log
2025-12-29 03:05:28 | DEBUG    | SecInterp.sec_interp.gui.main_dialog_preview | get_logger:127 | Thread-124422180486080 | File logging initialized: /home/jmbernales/qgispluginsdev/sec_interp/logs/sec_interp_debug.log
2025-12-29 03:05:28 | DEBUG    | SecInterp.sec_interp.gui.main_dialog_signals | get_logger:127 | Thread-124422180486080 | File logging initialized: /home/jmbernales/qgispluginsdev/sec_interp/logs/sec_interp_debug.log
2025-12-29 03:05:28 | DEBUG    | SecInterp.sec_interp.gui.tools.measure_tool | get_logger:127 | Thread-124422180486080 | File logging initialized: /home/jmbernales/qgispluginsdev/sec_interp/logs/sec_interp_debug.log
2025-12-29 03:05:28 | DEBUG    | SecInterp.sec_interp.gui.tools.interpretation_tool | get_logger:127 | Thread-124422180486080 | File logging initialized: /home/jmbernales/qgispluginsdev/sec_interp/logs/sec_interp_debug.log
2025-12-29 03:05:28 | DEBUG    | SecInterp.sec_interp.gui.ui.pages.drillhole_page | get_logger:127 | Thread-124422180486080 | File logging initialized: /home/jmbernales/qgispluginsdev/sec_interp/logs/sec_interp_debug.log
2025-12-29 03:05:28 | DEBUG    | SecInterp.sec_interp.gui.preview_axes_manager | get_logger:127 | Thread-124422180486080 | File logging initialized: /home/jmbernales/qgispluginsdev/sec_interp/logs/sec_interp_debug.log
2025-12-29 03:05:28 | DEBUG    | SecInterp.sec_interp.gui.preview_layer_factory | get_logger:127 | Thread-124422180486080 | File logging initialized: /home/jmbernales/qgispluginsdev/sec_interp/logs/sec_interp_debug.log
2025-12-29 03:05:28 | DEBUG    | SecInterp.sec_interp.gui.preview_legend_renderer | get_logger:127 | Thread-124422180486080 | File logging initialized: /home/jmbernales/qgispluginsdev/sec_interp/logs/sec_interp_debug.log
2025-12-29 03:05:28 | DEBUG    | SecInterp.sec_interp.gui.preview_renderer | get_logger:127 | Thread-124422180486080 | File logging initialized: /home/jmbernales/qgispluginsdev/sec_interp/logs/sec_interp_debug.log
2025-12-29 03:05:29 | DEBUG    | SecInterp.sec_interp.core.controller | get_logger:127 | Thread-124422180486080 | File logging initialized: /home/jmbernales/qgispluginsdev/sec_interp/logs/sec_interp_debug.log
2025-12-29 03:05:29 | DEBUG    | SecInterp.sec_interp.sec_interp_plugin | get_logger:127 | Thread-124422180486080 | File logging initialized: /home/jmbernales/qgispluginsdev/sec_interp/logs/sec_interp_debug.log
2025-12-29 03:07:07 | DEBUG    | SecInterp.sec_interp.core.config | get_logger:127 | Thread-125042910464960 | File logging initialized: /home/jmbernales/qgispluginsdev/sec_interp/logs/sec_interp_debug.log
2025-12-29 03:07:07 | DEBUG    | SecInterp.sec_interp.core.utils.geometry_utils.filtering | get_logger:127 | Thread-125042910464960 | File logging initialized: /home/jmbernales/qgispluginsdev/sec_interp/logs/sec_interp_debug.log
2025-12-29 03:07:07 | DEBUG    | SecInterp.sec_interp.core.utils.geometry_utils.processing | get_logger:127 | Thread-125042910464960 | File logging initialized: /home/jmbernales/qgispluginsdev/sec_interp/logs/sec_interp_debug.log
2025-12-29 03:07:07 | DEBUG    | SecInterp.sec_interp.core.performance_metrics | get_logger:127 | Thread-125042910464960 | File logging initialized: /home/jmbernales/qgispluginsdev/sec_interp/logs/sec_interp_debug.log
2025-12-29 03:07:07 | DEBUG    | SecInterp.sec_interp.core.utils.sampling | get_logger:127 | Thread-125042910464960 | File logging initialized: /home/jmbernales/qgispluginsdev/sec_interp/logs/sec_interp_debug.log
2025-12-29 03:07:07 | DEBUG    | SecInterp.sec_interp.core.data_cache | get_logger:127 | Thread-125042910464960 | File logging initialized: /home/jmbernales/qgispluginsdev/sec_interp/logs/sec_interp_debug.log
2025-12-29 03:07:08 | DEBUG    | SecInterp.sec_interp.core.utils.geometry_utils.optimization | get_logger:127 | Thread-125042910464960 | File logging initialized: /home/jmbernales/qgispluginsdev/sec_interp/logs/sec_interp_debug.log
2025-12-29 03:07:08 | DEBUG    | SecInterp.sec_interp.core.utils.resource_manager | get_logger:127 | Thread-125042910464960 | File logging initialized: /home/jmbernales/qgispluginsdev/sec_interp/logs/sec_interp_debug.log
2025-12-29 03:07:08 | DEBUG    | SecInterp.sec_interp.exporters.csv_exporter | get_logger:127 | Thread-125042910464960 | File logging initialized: /home/jmbernales/qgispluginsdev/sec_interp/logs/sec_interp_debug.log
2025-12-29 03:07:08 | DEBUG    | SecInterp.sec_interp.exporters.drillhole_exporters | get_logger:127 | Thread-125042910464960 | File logging initialized: /home/jmbernales/qgispluginsdev/sec_interp/logs/sec_interp_debug.log
2025-12-29 03:07:08 | DEBUG    | SecInterp.sec_interp.exporters.interpretation_exporters | get_logger:127 | Thread-125042910464960 | File logging initialized: /home/jmbernales/qgispluginsdev/sec_interp/logs/sec_interp_debug.log
2025-12-29 03:07:08 | DEBUG    | SecInterp.sec_interp.exporters.image_exporter | get_logger:127 | Thread-125042910464960 | File logging initialized: /home/jmbernales/qgispluginsdev/sec_interp/logs/sec_interp_debug.log
2025-12-29 03:07:08 | DEBUG    | SecInterp.sec_interp.exporters.pdf_exporter | get_logger:127 | Thread-125042910464960 | File logging initialized: /home/jmbernales/qgispluginsdev/sec_interp/logs/sec_interp_debug.log
2025-12-29 03:07:08 | DEBUG    | SecInterp.sec_interp.exporters.profile_exporters | get_logger:127 | Thread-125042910464960 | File logging initialized: /home/jmbernales/qgispluginsdev/sec_interp/logs/sec_interp_debug.log
2025-12-29 03:07:08 | DEBUG    | SecInterp.sec_interp.exporters.shp_exporter | get_logger:127 | Thread-125042910464960 | File logging initialized: /home/jmbernales/qgispluginsdev/sec_interp/logs/sec_interp_debug.log
2025-12-29 03:07:08 | DEBUG    | SecInterp.sec_interp.exporters.svg_exporter | get_logger:127 | Thread-125042910464960 | File logging initialized: /home/jmbernales/qgispluginsdev/sec_interp/logs/sec_interp_debug.log
2025-12-29 03:07:09 | DEBUG    | SecInterp.sec_interp.gui.utils | get_logger:127 | Thread-125042910464960 | File logging initialized: /home/jmbernales/qgispluginsdev/sec_interp/logs/sec_interp_debug.log
2025-12-29 03:07:09 | DEBUG    | SecInterp.sec_interp.gui.main_dialog | get_logger:127 | Thread-125042910464960 | File logging initialized: /home/jmbernales/qgispluginsdev/sec_interp/logs/sec_interp_debug.log
2025-12-29 03:07:09 | DEBUG    | SecInterp.sec_interp.core.services.drillhole_service | get_logger:127 | Thread-125042910464960 | File logging initialized: /home/jmbernales/qgispluginsdev/sec_interp/logs/sec_interp_debug.log
2025-12-29 03:07:09 | DEBUG    | SecInterp.sec_interp.core.services.geology_service | get_logger:127 | Thread-125042910464960 | File logging initialized: /home/jmbernales/qgispluginsdev/sec_interp/logs/sec_interp_debug.log
2025-12-29 03:07:09 | DEBUG    | SecInterp.sec_interp.core.services.profile_service | get_logger:127 | Thread-125042910464960 | File logging initialized: /home/jmbernales/qgispluginsdev/sec_interp/logs/sec_interp_debug.log
2025-12-29 03:07:09 | DEBUG    | SecInterp.sec_interp.core.services.structure_service | get_logger:127 | Thread-125042910464960 | File logging initialized: /home/jmbernales/qgispluginsdev/sec_interp/logs/sec_interp_debug.log
2025-12-29 03:07:09 | DEBUG    | SecInterp.sec_interp.core.services.export_service | get_logger:127 | Thread-125042910464960 | File logging initialized: /home/jmbernales/qgispluginsdev/sec_interp/logs/sec_interp_debug.log
2025-12-29 03:07:09 | DEBUG    | SecInterp.sec_interp.gui.main_dialog_export | get_logger:127 | Thread-125042910464960 | File logging initialized: /home/jmbernales/qgispluginsdev/sec_interp/logs/sec_interp_debug.log
2025-12-29 03:07:09 | DEBUG    | SecInterp.sec_interp.core.services.preview_service | get_logger:127 | Thread-125042910464960 | File logging initialized: /home/jmbernales/qgispluginsdev/sec_interp/logs/sec_interp_debug.log
2025-12-29 03:07:09 | DEBUG    | SecInterp.sec_interp.gui.services.parallel_geology_service | get_logger:127 | Thread-125042910464960 | File logging initialized: /home/jmbernales/qgispluginsdev/sec_interp/logs/sec_interp_debug.log
2025-12-29 03:07:09 | DEBUG    | SecInterp.sec_interp.gui.main_dialog_preview | get_logger:127 | Thread-125042910464960 | File logging initialized: /home/jmbernales/qgispluginsdev/sec_interp/logs/sec_interp_debug.log
2025-12-29 03:07:09 | DEBUG    | SecInterp.sec_interp.gui.main_dialog_signals | get_logger:127 | Thread-125042910464960 | File logging initialized: /home/jmbernales/qgispluginsdev/sec_interp/logs/sec_interp_debug.log
2025-12-29 03:07:09 | DEBUG    | SecInterp.sec_interp.gui.tools.measure_tool | get_logger:127 | Thread-125042910464960 | File logging initialized: /home/jmbernales/qgispluginsdev/sec_interp/logs/sec_interp_debug.log
2025-12-29 03:07:09 | DEBUG    | SecInterp.sec_interp.gui.tools.interpretation_tool | get_logger:127 | Thread-125042910464960 | File logging initialized: /home/jmbernales/qgispluginsdev/sec_interp/logs/sec_interp_debug.log
2025-12-29 03:07:09 | DEBUG    | SecInterp.sec_interp.gui.ui.pages.drillhole_page | get_logger:127 | Thread-125042910464960 | File logging initialized: /home/jmbernales/qgispluginsdev/sec_interp/logs/sec_interp_debug.log
2025-12-29 03:07:09 | DEBUG    | SecInterp.sec_interp.gui.preview_axes_manager | get_logger:127 | Thread-125042910464960 | File logging initialized: /home/jmbernales/qgispluginsdev/sec_interp/logs/sec_interp_debug.log
2025-12-29 03:07:09 | DEBUG    | SecInterp.sec_interp.gui.preview_layer_factory | get_logger:127 | Thread-125042910464960 | File logging initialized: /home/jmbernales/qgispluginsdev/sec_interp/logs/sec_interp_debug.log
2025-12-29 03:07:09 | DEBUG    | SecInterp.sec_interp.gui.preview_legend_renderer | get_logger:127 | Thread-125042910464960 | File logging initialized: /home/jmbernales/qgispluginsdev/sec_interp/logs/sec_interp_debug.log
2025-12-29 03:07:09 | DEBUG    | SecInterp.sec_interp.gui.preview_renderer | get_logger:127 | Thread-125042910464960 | File logging initialized: /home/jmbernales/qgispluginsdev/sec_interp/logs/sec_interp_debug.log
2025-12-29 03:07:10 | DEBUG    | SecInterp.sec_interp.core.controller | get_logger:127 | Thread-125042910464960 | File logging initialized: /home/jmbernales/qgispluginsdev/sec_interp/logs/sec_interp_debug.log
2025-12-29 03:07:10 | DEBUG    | SecInterp.sec_interp.sec_interp_plugin | get_logger:127 | Thread-125042910464960 | File logging initialized: /home/jmbernales/qgispluginsdev/sec_interp/logs/sec_interp_debug.log
2025-12-29 03:09:16 | DEBUG    | SecInterp.sec_interp.core.config | get_logger:127 | Thread-135629714807744 | File logging initialized: /home/jmbernales/qgispluginsdev/sec_interp/logs/sec_interp_debug.log
2025-12-29 03:09:16 | DEBUG    | SecInterp.sec_interp.core.utils.geometry_utils.filtering | get_logger:127 | Thread-135629714807744 | File logging initialized: /home/jmbernales/qgispluginsdev/sec_interp/logs/sec_interp_debug.log
2025-12-29 03:09:16 | DEBUG    | SecInterp.sec_interp.core.utils.geometry_utils.processing | get_logger:127 | Thread-135629714807744 | File logging initialized: /home/jmbernales/qgispluginsdev/sec_interp/logs/sec_interp_debug.log
2025-12-29 03:09:16 | DEBUG    | SecInterp.sec_interp.core.performance_metrics | get_logger:127 | Thread-135629714807744 | File logging initialized: /home/jmbernales/qgispluginsdev/sec_interp/logs/sec_interp_debug.log
2025-12-29 03:09:16 | DEBUG    | SecInterp.sec_interp.core.utils.sampling | get_logger:127 | Thread-135629714807744 | File logging initialized: /home/jmbernales/qgispluginsdev/sec_interp/logs/sec_interp_debug.log
2025-12-29 03:09:16 | DEBUG    | SecInterp.sec_interp.core.data_cache | get_logger:127 | Thread-135629714807744 | File logging initialized: /home/jmbernales/qgispluginsdev/sec_interp/logs/sec_interp_debug.log
2025-12-29 03:09:17 | DEBUG    | SecInterp.sec_interp.core.utils.geometry_utils.optimization | get_logger:127 | Thread-135629714807744 | File logging initialized: /home/jmbernales/qgispluginsdev/sec_interp/logs/sec_interp_debug.log
2025-12-29 03:09:17 | DEBUG    | SecInterp.sec_interp.core.utils.resource_manager | get_logger:127 | Thread-135629714807744 | File logging initialized: /home/jmbernales/qgispluginsdev/sec_interp/logs/sec_interp_debug.log
2025-12-29 03:09:18 | DEBUG    | SecInterp.sec_interp.exporters.csv_exporter | get_logger:127 | Thread-135629714807744 | File logging initialized: /home/jmbernales/qgispluginsdev/sec_interp/logs/sec_interp_debug.log
2025-12-29 03:09:18 | DEBUG    | SecInterp.sec_interp.exporters.drillhole_exporters | get_logger:127 | Thread-135629714807744 | File logging initialized: /home/jmbernales/qgispluginsdev/sec_interp/logs/sec_interp_debug.log
2025-12-29 03:09:18 | DEBUG    | SecInterp.sec_interp.exporters.interpretation_exporters | get_logger:127 | Thread-135629714807744 | File logging initialized: /home/jmbernales/qgispluginsdev/sec_interp/logs/sec_interp_debug.log
2025-12-29 03:09:18 | DEBUG    | SecInterp.sec_interp.exporters.image_exporter | get_logger:127 | Thread-135629714807744 | File logging initialized: /home/jmbernales/qgispluginsdev/sec_interp/logs/sec_interp_debug.log
2025-12-29 03:09:18 | DEBUG    | SecInterp.sec_interp.exporters.pdf_exporter | get_logger:127 | Thread-135629714807744 | File logging initialized: /home/jmbernales/qgispluginsdev/sec_interp/logs/sec_interp_debug.log
2025-12-29 03:09:18 | DEBUG    | SecInterp.sec_interp.exporters.profile_exporters | get_logger:127 | Thread-135629714807744 | File logging initialized: /home/jmbernales/qgispluginsdev/sec_interp/logs/sec_interp_debug.log
2025-12-29 03:09:18 | DEBUG    | SecInterp.sec_interp.exporters.shp_exporter | get_logger:127 | Thread-135629714807744 | File logging initialized: /home/jmbernales/qgispluginsdev/sec_interp/logs/sec_interp_debug.log
2025-12-29 03:09:18 | DEBUG    | SecInterp.sec_interp.exporters.svg_exporter | get_logger:127 | Thread-135629714807744 | File logging initialized: /home/jmbernales/qgispluginsdev/sec_interp/logs/sec_interp_debug.log
2025-12-29 03:09:18 | DEBUG    | SecInterp.sec_interp.gui.utils | get_logger:127 | Thread-135629714807744 | File logging initialized: /home/jmbernales/qgispluginsdev/sec_interp/logs/sec_interp_debug.log
2025-12-29 03:09:18 | DEBUG    | SecInterp.sec_interp.gui.main_dialog | get_logger:127 | Thread-135629714807744 | File logging initialized: /home/jmbernales/qgispluginsdev/sec_interp/logs/sec_interp_debug.log
2025-12-29 03:09:19 | DEBUG    | SecInterp.sec_interp.core.services.drillhole_service | get_logger:127 | Thread-135629714807744 | File logging initialized: /home/jmbernales/qgispluginsdev/sec_interp/logs/sec_interp_debug.log
2025-12-29 03:09:19 | DEBUG    | SecInterp.sec_interp.core.services.geology_service | get_logger:127 | Thread-135629714807744 | File logging initialized: /home/jmbernales/qgispluginsdev/sec_interp/logs/sec_interp_debug.log
2025-12-29 03:09:19 | DEBUG    | SecInterp.sec_interp.core.services.profile_service | get_logger:127 | Thread-135629714807744 | File logging initialized: /home/jmbernales/qgispluginsdev/sec_interp/logs/sec_interp_debug.log
2025-12-29 03:09:19 | DEBUG    | SecInterp.sec_interp.core.services.structure_service | get_logger:127 | Thread-135629714807744 | File logging initialized: /home/jmbernales/qgispluginsdev/sec_interp/logs/sec_interp_debug.log
2025-12-29 03:09:19 | DEBUG    | SecInterp.sec_interp.core.services.export_service | get_logger:127 | Thread-135629714807744 | File logging initialized: /home/jmbernales/qgispluginsdev/sec_interp/logs/sec_interp_debug.log
2025-12-29 03:09:19 | DEBUG    | SecInterp.sec_interp.gui.main_dialog_export | get_logger:127 | Thread-135629714807744 | File logging initialized: /home/jmbernales/qgispluginsdev/sec_interp/logs/sec_interp_debug.log
2025-12-29 03:09:19 | DEBUG    | SecInterp.sec_interp.core.services.preview_service | get_logger:127 | Thread-135629714807744 | File logging initialized: /home/jmbernales/qgispluginsdev/sec_interp/logs/sec_interp_debug.log
2025-12-29 03:09:19 | DEBUG    | SecInterp.sec_interp.gui.services.parallel_geology_service | get_logger:127 | Thread-135629714807744 | File logging initialized: /home/jmbernales/qgispluginsdev/sec_interp/logs/sec_interp_debug.log
2025-12-29 03:09:19 | DEBUG    | SecInterp.sec_interp.gui.main_dialog_preview | get_logger:127 | Thread-135629714807744 | File logging initialized: /home/jmbernales/qgispluginsdev/sec_interp/logs/sec_interp_debug.log
2025-12-29 03:09:19 | DEBUG    | SecInterp.sec_interp.gui.main_dialog_signals | get_logger:127 | Thread-135629714807744 | File logging initialized: /home/jmbernales/qgispluginsdev/sec_interp/logs/sec_interp_debug.log
2025-12-29 03:09:19 | DEBUG    | SecInterp.sec_interp.gui.tools.measure_tool | get_logger:127 | Thread-135629714807744 | File logging initialized: /home/jmbernales/qgispluginsdev/sec_interp/logs/sec_interp_debug.log
2025-12-29 03:09:19 | DEBUG    | SecInterp.sec_interp.gui.tools.interpretation_tool | get_logger:127 | Thread-135629714807744 | File logging initialized: /home/jmbernales/qgispluginsdev/sec_interp/logs/sec_interp_debug.log
2025-12-29 03:09:19 | DEBUG    | SecInterp.sec_interp.gui.ui.pages.drillhole_page | get_logger:127 | Thread-135629714807744 | File logging initialized: /home/jmbernales/qgispluginsdev/sec_interp/logs/sec_interp_debug.log
2025-12-29 03:09:19 | DEBUG    | SecInterp.sec_interp.gui.preview_axes_manager | get_logger:127 | Thread-135629714807744 | File logging initialized: /home/jmbernales/qgispluginsdev/sec_interp/logs/sec_interp_debug.log
2025-12-29 03:09:19 | DEBUG    | SecInterp.sec_interp.gui.preview_layer_factory | get_logger:127 | Thread-135629714807744 | File logging initialized: /home/jmbernales/qgispluginsdev/sec_interp/logs/sec_interp_debug.log
2025-12-29 03:09:19 | DEBUG    | SecInterp.sec_interp.gui.preview_legend_renderer | get_logger:127 | Thread-135629714807744 | File logging initialized: /home/jmbernales/qgispluginsdev/sec_interp/logs/sec_interp_debug.log
2025-12-29 03:09:19 | DEBUG    | SecInterp.sec_interp.gui.preview_renderer | get_logger:127 | Thread-135629714807744 | File logging initialized: /home/jmbernales/qgispluginsdev/sec_interp/logs/sec_interp_debug.log
2025-12-29 03:09:20 | DEBUG    | SecInterp.sec_interp.core.controller | get_logger:127 | Thread-135629714807744 | File logging initialized: /home/jmbernales/qgispluginsdev/sec_interp/logs/sec_interp_debug.log
2025-12-29 03:09:20 | DEBUG    | SecInterp.sec_interp.sec_interp_plugin | get_logger:127 | Thread-135629714807744 | File logging initialized: /home/jmbernales/qgispluginsdev/sec_interp/logs/sec_interp_debug.log
2025-12-29 03:11:16 | DEBUG    | SecInterp.sec_interp.core.config | get_logger:127 | Thread-123763339041728 | File logging initialized: /home/jmbernales/qgispluginsdev/sec_interp/logs/sec_interp_debug.log
2025-12-29 03:11:16 | DEBUG    | SecInterp.sec_interp.core.utils.geometry_utils.filtering | get_logger:127 | Thread-123763339041728 | File logging initialized: /home/jmbernales/qgispluginsdev/sec_interp/logs/sec_interp_debug.log
2025-12-29 03:11:16 | DEBUG    | SecInterp.sec_interp.core.utils.geometry_utils.processing | get_logger:127 | Thread-123763339041728 | File logging initialized: /home/jmbernales/qgispluginsdev/sec_interp/logs/sec_interp_debug.log
2025-12-29 03:11:16 | DEBUG    | SecInterp.sec_interp.core.performance_metrics | get_logger:127 | Thread-123763339041728 | File logging initialized: /home/jmbernales/qgispluginsdev/sec_interp/logs/sec_interp_debug.log
2025-12-29 03:11:16 | DEBUG    | SecInterp.sec_interp.core.utils.sampling | get_logger:127 | Thread-123763339041728 | File logging initialized: /home/jmbernales/qgispluginsdev/sec_interp/logs/sec_interp_debug.log
2025-12-29 03:11:16 | DEBUG    | SecInterp.sec_interp.core.data_cache | get_logger:127 | Thread-123763339041728 | File logging initialized: /home/jmbernales/qgispluginsdev/sec_interp/logs/sec_interp_debug.log
2025-12-29 03:11:17 | DEBUG    | SecInterp.sec_interp.core.utils.geometry_utils.optimization | get_logger:127 | Thread-123763339041728 | File logging initialized: /home/jmbernales/qgispluginsdev/sec_interp/logs/sec_interp_debug.log
2025-12-29 03:11:17 | DEBUG    | SecInterp.sec_interp.core.utils.resource_manager | get_logger:127 | Thread-123763339041728 | File logging initialized: /home/jmbernales/qgispluginsdev/sec_interp/logs/sec_interp_debug.log
2025-12-29 03:11:17 | DEBUG    | SecInterp.sec_interp.exporters.csv_exporter | get_logger:127 | Thread-123763339041728 | File logging initialized: /home/jmbernales/qgispluginsdev/sec_interp/logs/sec_interp_debug.log
2025-12-29 03:11:17 | DEBUG    | SecInterp.sec_interp.exporters.drillhole_exporters | get_logger:127 | Thread-123763339041728 | File logging initialized: /home/jmbernales/qgispluginsdev/sec_interp/logs/sec_interp_debug.log
2025-12-29 03:11:17 | DEBUG    | SecInterp.sec_interp.exporters.interpretation_exporters | get_logger:127 | Thread-123763339041728 | File logging initialized: /home/jmbernales/qgispluginsdev/sec_interp/logs/sec_interp_debug.log
2025-12-29 03:11:17 | DEBUG    | SecInterp.sec_interp.exporters.image_exporter | get_logger:127 | Thread-123763339041728 | File logging initialized: /home/jmbernales/qgispluginsdev/sec_interp/logs/sec_interp_debug.log
2025-12-29 03:11:17 | DEBUG    | SecInterp.sec_interp.exporters.pdf_exporter | get_logger:127 | Thread-123763339041728 | File logging initialized: /home/jmbernales/qgispluginsdev/sec_interp/logs/sec_interp_debug.log
2025-12-29 03:11:17 | DEBUG    | SecInterp.sec_interp.exporters.profile_exporters | get_logger:127 | Thread-123763339041728 | File logging initialized: /home/jmbernales/qgispluginsdev/sec_interp/logs/sec_interp_debug.log
2025-12-29 03:11:17 | DEBUG    | SecInterp.sec_interp.exporters.shp_exporter | get_logger:127 | Thread-123763339041728 | File logging initialized: /home/jmbernales/qgispluginsdev/sec_interp/logs/sec_interp_debug.log
2025-12-29 03:11:17 | DEBUG    | SecInterp.sec_interp.exporters.svg_exporter | get_logger:127 | Thread-123763339041728 | File logging initialized: /home/jmbernales/qgispluginsdev/sec_interp/logs/sec_interp_debug.log
2025-12-29 03:11:18 | DEBUG    | SecInterp.sec_interp.gui.utils | get_logger:127 | Thread-123763339041728 | File logging initialized: /home/jmbernales/qgispluginsdev/sec_interp/logs/sec_interp_debug.log
2025-12-29 03:11:18 | DEBUG    | SecInterp.sec_interp.gui.main_dialog | get_logger:127 | Thread-123763339041728 | File logging initialized: /home/jmbernales/qgispluginsdev/sec_interp/logs/sec_interp_debug.log
2025-12-29 03:11:18 | DEBUG    | SecInterp.sec_interp.core.services.drillhole_service | get_logger:127 | Thread-123763339041728 | File logging initialized: /home/jmbernales/qgispluginsdev/sec_interp/logs/sec_interp_debug.log
2025-12-29 03:11:18 | DEBUG    | SecInterp.sec_interp.core.services.geology_service | get_logger:127 | Thread-123763339041728 | File logging initialized: /home/jmbernales/qgispluginsdev/sec_interp/logs/sec_interp_debug.log
2025-12-29 03:11:18 | DEBUG    | SecInterp.sec_interp.core.services.profile_service | get_logger:127 | Thread-123763339041728 | File logging initialized: /home/jmbernales/qgispluginsdev/sec_interp/logs/sec_interp_debug.log
2025-12-29 03:11:18 | DEBUG    | SecInterp.sec_interp.core.services.structure_service | get_logger:127 | Thread-123763339041728 | File logging initialized: /home/jmbernales/qgispluginsdev/sec_interp/logs/sec_interp_debug.log
2025-12-29 03:11:18 | DEBUG    | SecInterp.sec_interp.core.services.export_service | get_logger:127 | Thread-123763339041728 | File logging initialized: /home/jmbernales/qgispluginsdev/sec_interp/logs/sec_interp_debug.log
2025-12-29 03:11:18 | DEBUG    | SecInterp.sec_interp.gui.main_dialog_export | get_logger:127 | Thread-123763339041728 | File logging initialized: /home/jmbernales/qgispluginsdev/sec_interp/logs/sec_interp_debug.log
2025-12-29 03:11:18 | DEBUG    | SecInterp.sec_interp.core.services.preview_service | get_logger:127 | Thread-123763339041728 | File logging initialized: /home/jmbernales/qgispluginsdev/sec_interp/logs/sec_interp_debug.log
2025-12-29 03:11:18 | DEBUG    | SecInterp.sec_interp.gui.services.parallel_geology_service | get_logger:127 | Thread-123763339041728 | File logging initialized: /home/jmbernales/qgispluginsdev/sec_interp/logs/sec_interp_debug.log
2025-12-29 03:11:18 | DEBUG    | SecInterp.sec_interp.gui.main_dialog_preview | get_logger:127 | Thread-123763339041728 | File logging initialized: /home/jmbernales/qgispluginsdev/sec_interp/logs/sec_interp_debug.log
2025-12-29 03:11:18 | DEBUG    | SecInterp.sec_interp.gui.main_dialog_signals | get_logger:127 | Thread-123763339041728 | File logging initialized: /home/jmbernales/qgispluginsdev/sec_interp/logs/sec_interp_debug.log
2025-12-29 03:11:18 | DEBUG    | SecInterp.sec_interp.gui.tools.measure_tool | get_logger:127 | Thread-123763339041728 | File logging initialized: /home/jmbernales/qgispluginsdev/sec_interp/logs/sec_interp_debug.log
2025-12-29 03:11:18 | DEBUG    | SecInterp.sec_interp.gui.tools.interpretation_tool | get_logger:127 | Thread-123763339041728 | File logging initialized: /home/jmbernales/qgispluginsdev/sec_interp/logs/sec_interp_debug.log
2025-12-29 03:11:18 | DEBUG    | SecInterp.sec_interp.gui.ui.pages.drillhole_page | get_logger:127 | Thread-123763339041728 | File logging initialized: /home/jmbernales/qgispluginsdev/sec_interp/logs/sec_interp_debug.log
2025-12-29 03:11:18 | DEBUG    | SecInterp.sec_interp.gui.preview_axes_manager | get_logger:127 | Thread-123763339041728 | File logging initialized: /home/jmbernales/qgispluginsdev/sec_interp/logs/sec_interp_debug.log
2025-12-29 03:11:18 | DEBUG    | SecInterp.sec_interp.gui.preview_layer_factory | get_logger:127 | Thread-123763339041728 | File logging initialized: /home/jmbernales/qgispluginsdev/sec_interp/logs/sec_interp_debug.log
2025-12-29 03:11:18 | DEBUG    | SecInterp.sec_interp.gui.preview_legend_renderer | get_logger:127 | Thread-123763339041728 | File logging initialized: /home/jmbernales/qgispluginsdev/sec_interp/logs/sec_interp_debug.log
2025-12-29 03:11:18 | DEBUG    | SecInterp.sec_interp.gui.preview_renderer | get_logger:127 | Thread-123763339041728 | File logging initialized: /home/jmbernales/qgispluginsdev/sec_interp/logs/sec_interp_debug.log
2025-12-29 03:11:19 | DEBUG    | SecInterp.sec_interp.core.controller | get_logger:127 | Thread-123763339041728 | File logging initialized: /home/jmbernales/qgispluginsdev/sec_interp/logs/sec_interp_debug.log
2025-12-29 03:11:19 | DEBUG    | SecInterp.sec_interp.sec_interp_plugin | get_logger:127 | Thread-123763339041728 | File logging initialized: /home/jmbernales/qgispluginsdev/sec_interp/logs/sec_interp_debug.log
2025-12-29 03:13:31 | DEBUG    | SecInterp.sec_interp.core.config | get_logger:127 | Thread-125846181116864 | File logging initialized: /home/jmbernales/qgispluginsdev/sec_interp/logs/sec_interp_debug.log
2025-12-29 03:13:31 | DEBUG    | SecInterp.sec_interp.core.utils.geometry_utils.filtering | get_logger:127 | Thread-125846181116864 | File logging initialized: /home/jmbernales/qgispluginsdev/sec_interp/logs/sec_interp_debug.log
2025-12-29 03:13:31 | DEBUG    | SecInterp.sec_interp.core.utils.geometry_utils.processing | get_logger:127 | Thread-125846181116864 | File logging initialized: /home/jmbernales/qgispluginsdev/sec_interp/logs/sec_interp_debug.log
2025-12-29 03:13:31 | DEBUG    | SecInterp.sec_interp.core.performance_metrics | get_logger:127 | Thread-125846181116864 | File logging initialized: /home/jmbernales/qgispluginsdev/sec_interp/logs/sec_interp_debug.log
2025-12-29 03:13:31 | DEBUG    | SecInterp.sec_interp.core.utils.sampling | get_logger:127 | Thread-125846181116864 | File logging initialized: /home/jmbernales/qgispluginsdev/sec_interp/logs/sec_interp_debug.log
2025-12-29 03:13:31 | DEBUG    | SecInterp.sec_interp.core.data_cache | get_logger:127 | Thread-125846181116864 | File logging initialized: /home/jmbernales/qgispluginsdev/sec_interp/logs/sec_interp_debug.log
2025-12-29 03:13:32 | DEBUG    | SecInterp.sec_interp.core.utils.geometry_utils.optimization | get_logger:127 | Thread-125846181116864 | File logging initialized: /home/jmbernales/qgispluginsdev/sec_interp/logs/sec_interp_debug.log
2025-12-29 03:13:32 | DEBUG    | SecInterp.sec_interp.core.utils.resource_manager | get_logger:127 | Thread-125846181116864 | File logging initialized: /home/jmbernales/qgispluginsdev/sec_interp/logs/sec_interp_debug.log
2025-12-29 03:13:32 | DEBUG    | SecInterp.sec_interp.exporters.csv_exporter | get_logger:127 | Thread-125846181116864 | File logging initialized: /home/jmbernales/qgispluginsdev/sec_interp/logs/sec_interp_debug.log
2025-12-29 03:13:32 | DEBUG    | SecInterp.sec_interp.exporters.drillhole_exporters | get_logger:127 | Thread-125846181116864 | File logging initialized: /home/jmbernales/qgispluginsdev/sec_interp/logs/sec_interp_debug.log
2025-12-29 03:13:32 | DEBUG    | SecInterp.sec_interp.exporters.interpretation_exporters | get_logger:127 | Thread-125846181116864 | File logging initialized: /home/jmbernales/qgispluginsdev/sec_interp/logs/sec_interp_debug.log
2025-12-29 03:13:32 | DEBUG    | SecInterp.sec_interp.exporters.image_exporter | get_logger:127 | Thread-125846181116864 | File logging initialized: /home/jmbernales/qgispluginsdev/sec_interp/logs/sec_interp_debug.log
2025-12-29 03:13:32 | DEBUG    | SecInterp.sec_interp.exporters.pdf_exporter | get_logger:127 | Thread-125846181116864 | File logging initialized: /home/jmbernales/qgispluginsdev/sec_interp/logs/sec_interp_debug.log
2025-12-29 03:13:32 | DEBUG    | SecInterp.sec_interp.exporters.profile_exporters | get_logger:127 | Thread-125846181116864 | File logging initialized: /home/jmbernales/qgispluginsdev/sec_interp/logs/sec_interp_debug.log
2025-12-29 03:13:32 | DEBUG    | SecInterp.sec_interp.exporters.shp_exporter | get_logger:127 | Thread-125846181116864 | File logging initialized: /home/jmbernales/qgispluginsdev/sec_interp/logs/sec_interp_debug.log
2025-12-29 03:13:32 | DEBUG    | SecInterp.sec_interp.exporters.svg_exporter | get_logger:127 | Thread-125846181116864 | File logging initialized: /home/jmbernales/qgispluginsdev/sec_interp/logs/sec_interp_debug.log
2025-12-29 03:13:33 | DEBUG    | SecInterp.sec_interp.gui.utils | get_logger:127 | Thread-125846181116864 | File logging initialized: /home/jmbernales/qgispluginsdev/sec_interp/logs/sec_interp_debug.log
2025-12-29 03:13:33 | DEBUG    | SecInterp.sec_interp.gui.main_dialog | get_logger:127 | Thread-125846181116864 | File logging initialized: /home/jmbernales/qgispluginsdev/sec_interp/logs/sec_interp_debug.log
2025-12-29 03:13:33 | DEBUG    | SecInterp.sec_interp.core.services.drillhole_service | get_logger:127 | Thread-125846181116864 | File logging initialized: /home/jmbernales/qgispluginsdev/sec_interp/logs/sec_interp_debug.log
2025-12-29 03:13:33 | DEBUG    | SecInterp.sec_interp.core.services.geology_service | get_logger:127 | Thread-125846181116864 | File logging initialized: /home/jmbernales/qgispluginsdev/sec_interp/logs/sec_interp_debug.log
2025-12-29 03:13:33 | DEBUG    | SecInterp.sec_interp.core.services.profile_service | get_logger:127 | Thread-125846181116864 | File logging initialized: /home/jmbernales/qgispluginsdev/sec_interp/logs/sec_interp_debug.log
2025-12-29 03:13:33 | DEBUG    | SecInterp.sec_interp.core.services.structure_service | get_logger:127 | Thread-125846181116864 | File logging initialized: /home/jmbernales/qgispluginsdev/sec_interp/logs/sec_interp_debug.log
2025-12-29 03:13:33 | DEBUG    | SecInterp.sec_interp.core.services.export_service | get_logger:127 | Thread-125846181116864 | File logging initialized: /home/jmbernales/qgispluginsdev/sec_interp/logs/sec_interp_debug.log
2025-12-29 03:13:33 | DEBUG    | SecInterp.sec_interp.gui.main_dialog_export | get_logger:127 | Thread-125846181116864 | File logging initialized: /home/jmbernales/qgispluginsdev/sec_interp/logs/sec_interp_debug.log
2025-12-29 03:13:33 | DEBUG    | SecInterp.sec_interp.core.services.preview_service | get_logger:127 | Thread-125846181116864 | File logging initialized: /home/jmbernales/qgispluginsdev/sec_interp/logs/sec_interp_debug.log
2025-12-29 03:13:33 | DEBUG    | SecInterp.sec_interp.gui.services.parallel_geology_service | get_logger:127 | Thread-125846181116864 | File logging initialized: /home/jmbernales/qgispluginsdev/sec_interp/logs/sec_interp_debug.log
2025-12-29 03:13:33 | DEBUG    | SecInterp.sec_interp.gui.main_dialog_preview | get_logger:127 | Thread-125846181116864 | File logging initialized: /home/jmbernales/qgispluginsdev/sec_interp/logs/sec_interp_debug.log
2025-12-29 03:13:33 | DEBUG    | SecInterp.sec_interp.gui.main_dialog_signals | get_logger:127 | Thread-125846181116864 | File logging initialized: /home/jmbernales/qgispluginsdev/sec_interp/logs/sec_interp_debug.log
2025-12-29 03:13:33 | DEBUG    | SecInterp.sec_interp.gui.tools.measure_tool | get_logger:127 | Thread-125846181116864 | File logging initialized: /home/jmbernales/qgispluginsdev/sec_interp/logs/sec_interp_debug.log
2025-12-29 03:13:33 | DEBUG    | SecInterp.sec_interp.gui.tools.interpretation_tool | get_logger:127 | Thread-125846181116864 | File logging initialized: /home/jmbernales/qgispluginsdev/sec_interp/logs/sec_interp_debug.log
2025-12-29 03:13:33 | DEBUG    | SecInterp.sec_interp.gui.ui.pages.drillhole_page | get_logger:127 | Thread-125846181116864 | File logging initialized: /home/jmbernales/qgispluginsdev/sec_interp/logs/sec_interp_debug.log
2025-12-29 03:13:33 | DEBUG    | SecInterp.sec_interp.gui.preview_axes_manager | get_logger:127 | Thread-125846181116864 | File logging initialized: /home/jmbernales/qgispluginsdev/sec_interp/logs/sec_interp_debug.log
2025-12-29 03:13:33 | DEBUG    | SecInterp.sec_interp.gui.preview_layer_factory | get_logger:127 | Thread-125846181116864 | File logging initialized: /home/jmbernales/qgispluginsdev/sec_interp/logs/sec_interp_debug.log
2025-12-29 03:13:33 | DEBUG    | SecInterp.sec_interp.gui.preview_legend_renderer | get_logger:127 | Thread-125846181116864 | File logging initialized: /home/jmbernales/qgispluginsdev/sec_interp/logs/sec_interp_debug.log
2025-12-29 03:13:33 | DEBUG    | SecInterp.sec_interp.gui.preview_renderer | get_logger:127 | Thread-125846181116864 | File logging initialized: /home/jmbernales/qgispluginsdev/sec_interp/logs/sec_interp_debug.log
2025-12-29 03:13:34 | DEBUG    | SecInterp.sec_interp.core.controller | get_logger:127 | Thread-125846181116864 | File logging initialized: /home/jmbernales/qgispluginsdev/sec_interp/logs/sec_interp_debug.log
2025-12-29 03:13:34 | DEBUG    | SecInterp.sec_interp.sec_interp_plugin | get_logger:127 | Thread-125846181116864 | File logging initialized: /home/jmbernales/qgispluginsdev/sec_interp/logs/sec_interp_debug.log
